E_lucj,err_lucj,overlap,full_capture,triple,ordering,triple_str,err_sqd
-4.338267240184483,627.8038481413378,0.29859603221971537,1.000000000000402,"(1, 6, 8)",physical,"(1, 6, 8)",183.58452992042817
-4.392541931752901,573.5291565729196,0.31517084902159487,1.0000000000003997,"(1, 4, 7)",physical,"(1, 4, 7)",268.87516285398937
-4.422524109016915,543.5469793089061,0.31521501985921707,1.000000000000403,"(2, 4, 6)",physical,"(2, 4, 6)",297.572227797807
-4.3940635550850065,572.0075332408144,0.31807876147774955,1.000000000000404,"(1, 6, 7)",physical,"(1, 6, 7)",270.74337446453
-4.396847889568018,569.2231987578032,0.3477092597550268,1.0000000000004026,"(0, 2, 7)",physical,"(0, 2, 7)",221.6289189077152
-4.418852810014774,547.2182783110471,0.3733299943115382,1.0000000000004017,"(3, 6, 9)",physical,"(3, 6, 9)",269.1237568078595
-4.394141161111653,571.9299272141676,0.31576022930104614,1.0000000000004006,"(1, 2, 6)",physical,"(1, 2, 6)",220.4397209424638
-4.395756841688017,570.3142466378042,0.3165689890439406,1.0000000000004052,"(1, 5, 7)",physical,"(1, 5, 7)",226.48491392501313
-4.363597782645272,602.4733056805492,0.36938979880318673,1.0000000000003997,"(0, 2, 9)",physical,"(0, 2, 9)",268.5719206638488
-4.416834864558394,549.2362237674264,0.3759912893377323,1.0000000000004092,"(5, 7, 9)",physical,"(5, 7, 9)",219.32371513488567
-4.433393543363826,532.6775449619952,0.32067545495418887,1.0000000000004021,"(2, 3, 5)",physical,"(2, 3, 5)",304.7670319220908
-4.388735228536893,577.3358597889278,0.3349861783699366,1.0000000000003972,"(0, 5, 7)",physical,"(0, 5, 7)",220.94528600747145
-4.389615705598299,576.4553827275219,0.30975221411871073,1.0000000000004001,"(1, 5, 6)",physical,"(1, 5, 6)",210.0243033866711
-4.396222964301082,569.8481240247384,0.34196135170615904,1.0000000000004132,"(0, 2, 6)",physical,"(0, 2, 6)",218.63787417716551
-4.417915549524631,548.1555388011898,0.31146937978418265,1.0000000000003988,"(5, 6, 7)",physical,"(5, 6, 7)",269.86705160719634
-4.4242063208622,541.864767463621,0.38204933711647504,1.000000000000402,"(2, 6, 9)",physical,"(2, 6, 9)",268.3478007147997
-4.394062398386224,572.0086899395964,0.31140164632768397,1.0000000000004035,"(1, 3, 5)",physical,"(1, 3, 5)",264.65016424447094
-4.374712841741071,591.3582465847495,0.2885400449083373,1.0000000000003992,"(4, 6, 8)",physical,"(4, 6, 8)",301.16552450996005
-4.389003752806772,577.0673355190486,0.33600189729620034,1.000000000000404,"(0, 6, 7)",physical,"(0, 6, 7)",218.63787417716551
-4.42446896286809,541.6021254577306,0.32018659074915506,1.000000000000406,"(2, 4, 7)",physical,"(2, 4, 7)",172.14939218691416
-4.414898711950397,551.1723763754235,0.3080867190185402,1.0000000000003926,"(3, 4, 6)",physical,"(3, 4, 6)",386.4008031346869
-4.377420502072121,588.6505862537001,0.3862977690970714,1.0000000000004052,"(0, 1, 9)",physical,"(0, 1, 9)",219.9049260850092
-4.3906454181149135,575.4256702109072,0.3321511997228576,1.0000000000003968,"(0, 3, 4)",physical,"(0, 3, 4)",220.94528600747145
-4.423610947066672,542.4601412591485,0.37194636900322875,1.0000000000003966,"(3, 8, 9)",physical,"(3, 8, 9)",225.71215968089663
-4.379366000250104,586.7050880757167,0.29080933863887926,1.0000000000003881,"(5, 6, 8)",physical,"(5, 6, 8)",251.1205221539532
-4.38474943276522,581.3216555606004,0.32900091500290957,1.0000000000003983,"(0, 5, 6)",physical,"(0, 5, 6)",218.63787417716551
-4.429888276844908,536.1828114809128,0.38696700415067553,1.000000000000412,"(2, 3, 9)",physical,"(2, 3, 9)",268.6432425764611
-4.3817596176421665,584.3114706836543,0.3252840928662996,1.0000000000003963,"(0, 4, 8)",physical,"(0, 4, 8)",214.50849171642173
-4.396795505782738,569.2755825430825,0.3223390495407183,1.000000000000405,"(1, 2, 7)",physical,"(1, 2, 7)",189.39782400814752
-4.4082160299663204,557.8550583595004,0.30319555390074754,1.0000000000004072,"(4, 5, 6)",physical,"(4, 5, 6)",373.109132816376
-4.349318164212323,616.7529241134977,0.3537863556398974,1.00000000000041,"(0, 4, 9)",physical,"(0, 4, 9)",266.64047918834746
-4.405572104604521,560.4989837213,0.3465590698057674,1.0000000000004028,"(0, 2, 3)",physical,"(0, 2, 3)",218.63787417716551
-4.4254839880830685,540.5871002427523,0.32245939146572494,1.0000000000004072,"(2, 6, 7)",physical,"(2, 6, 7)",218.56940597565887
-4.3955145565748985,570.5565317509222,0.3409851119318322,1.000000000000402,"(0, 2, 4)",physical,"(0, 2, 4)",218.63787417716551
-4.409041269876809,557.0298184490117,0.36573390074108864,1.0000000000003912,"(4, 6, 9)",physical,"(4, 6, 9)",219.74517877720336
-4.392237541106003,573.8335472198175,0.3486431151662542,1.0000000000004063,"(0, 1, 3)",physical,"(0, 1, 3)",181.4337155473007
-4.415755762020953,550.3153263048679,0.3966064620026974,1.0000000000004001,"(1, 7, 9)",physical,"(1, 7, 9)",229.400497251123
-4.43234610044466,533.7249878811612,0.3260185598386797,1.0000000000003928,"(2, 3, 7)",physical,"(2, 3, 7)",175.17356732665235
-4.386416680388254,579.6544079375669,0.34499783207904805,1.0000000000004083,"(0, 1, 5)",physical,"(0, 1, 5)",181.4337155473007
-4.418044690168529,548.0263981572922,0.3728355100215424,1.0000000000004012,"(3, 5, 9)",physical,"(3, 5, 9)",256.18934824031305
-4.32527588214867,640.7952061771507,0.29281453690877596,1.0000000000004052,"(1, 6, 8)",rand007,"(1, 6, 8)",221.6377001311667
-4.379661610589145,586.4094777366757,0.3011484334970931,1.0000000000004083,"(1, 4, 7)",rand007,"(1, 4, 7)",260.87977530669895
-4.394222092547928,571.8489957778932,0.2980217064915263,1.0000000000004075,"(2, 4, 6)",rand007,"(2, 4, 6)",372.8896294803494
-4.372756612801513,593.3144755243073,0.29906804065942577,1.0000000000004083,"(1, 6, 7)",rand007,"(1, 6, 7)",310.1122018089564
-4.387372067347765,578.6990209780561,0.3445384884075607,1.0000000000004075,"(0, 2, 7)",rand007,"(0, 2, 7)",215.39947887265853
-4.4157912474123595,550.2798409134613,0.36555120035212124,1.0000000000004035,"(3, 6, 9)",rand007,"(3, 6, 9)",269.1237568080016
-4.33560670251333,630.4643858124912,0.27175975449727263,1.0000000000003957,"(1, 2, 6)",rand007,"(1, 2, 6)",309.62763259623307
-4.372592849189813,593.478239136008,0.2966824609152006,1.0000000000003972,"(1, 5, 7)",rand007,"(1, 5, 7)",307.4320742311212
-4.34618924950978,619.881838816041,0.348962221553588,1.000000000000409,"(0, 2, 9)",rand007,"(0, 2, 9)",217.85019032460883
-4.426199452452371,539.8716358734497,0.38040283880310394,1.0000000000003997,"(5, 7, 9)",rand007,"(5, 7, 9)",219.67120761325543
-4.400698444036147,565.3726442896741,0.30149159902008277,1.0000000000004086,"(2, 3, 5)",rand007,"(2, 3, 5)",371.58477217940344
-4.394963786090134,571.1073022356867,0.34340306892772554,1.000000000000404,"(0, 5, 7)",rand007,"(0, 5, 7)",212.1238972681727
-4.345381447984436,620.6896403413848,0.2756197490755254,1.0000000000004021,"(1, 5, 6)",rand007,"(1, 5, 6)",303.04575867559345
-4.365849249167095,600.221839158726,0.32169410172734325,1.0000000000004012,"(0, 2, 6)",rand007,"(0, 2, 6)",212.1238972681727
-4.41817253405428,547.8985542715407,0.3158045690659015,1.0000000000003963,"(5, 6, 7)",rand007,"(5, 6, 7)",255.9476032054704
-4.3991186034296375,566.9524848961834,0.3563483135990792,1.0000000000003983,"(2, 6, 9)",rand007,"(2, 6, 9)",232.94094787676656
-4.355587377941035,610.483710384786,0.280490126965421,1.0000000000004015,"(1, 3, 5)",rand007,"(1, 3, 5)",304.07945309189887
-4.3944944210157235,571.5766673100973,0.31121826052591856,1.0000000000004046,"(4, 6, 8)",rand007,"(4, 6, 8)",340.71379782044266
-4.3961391138927475,569.9319744330733,0.345246730222071,1.0000000000004,"(0, 6, 7)",rand007,"(0, 6, 7)",212.1238972681727
-4.417465353011685,548.605735314136,0.31879556027270894,1.000000000000398,"(2, 4, 7)",rand007,"(2, 4, 7)",256.01746921348314
-4.410463037509605,555.6080508162156,0.30627260055208905,1.0000000000003972,"(3, 4, 6)",rand007,"(3, 4, 6)",372.8896294803494
-4.35541653463383,610.6545536919912,0.3507752786482638,1.000000000000409,"(0, 1, 9)",rand007,"(0, 1, 9)",218.6538135657612
-4.391410878514653,574.6602098111682,0.3333925658095173,1.0000000000003944,"(0, 3, 4)",rand007,"(0, 3, 4)",212.1238972681727
-4.448935181490266,517.1359068355548,0.39912149965133853,1.0000000000004057,"(3, 8, 9)",rand007,"(3, 8, 9)",225.4373425633629
-4.389029259953268,577.0418283725531,0.30790599109677574,1.0000000000004026,"(5, 6, 8)",rand007,"(5, 6, 8)",340.52337391812057
-4.369872614922818,596.1984734030024,0.32007757587637486,1.0000000000004041,"(0, 5, 6)",rand007,"(0, 5, 6)",212.1238972681727
-4.409784781747091,556.2863065787295,0.3651093796394688,1.0000000000003935,"(2, 3, 9)",rand007,"(2, 3, 9)",181.36166671463272
-4.407593702677682,558.477385648139,0.3541359488819632,1.0000000000004001,"(0, 4, 8)",rand007,"(0, 4, 8)",219.0999715854449
-4.359197058519243,606.874029806578,0.29211064541174186,1.0000000000004097,"(1, 2, 7)",rand007,"(1, 2, 7)",260.76595742499273
-4.395578991392531,570.4920969332896,0.2966381463830966,1.000000000000401,"(4, 5, 6)",rand007,"(4, 5, 6)",372.8896294803494
-4.355047035663191,611.0240526626294,0.35152122869835245,1.0000000000004134,"(0, 4, 9)",rand007,"(0, 4, 9)",268.2063642335324
-4.38146007536639,584.6110129594306,0.3303534949278803,1.000000000000406,"(0, 2, 3)",rand007,"(0, 2, 3)",212.1238972681727
-4.4101472083466415,555.9238799791792,0.31590481214238836,1.000000000000399,"(2, 6, 7)",rand007,"(2, 6, 7)",256.01746921348314
-4.372978276139679,593.0928121861418,0.3256731299945534,1.0000000000004055,"(0, 2, 4)",rand007,"(0, 2, 4)",212.1238972681727
-4.409124045317143,556.9470430086776,0.35930962414440565,1.0000000000004088,"(4, 6, 9)",rand007,"(4, 6, 9)",269.1237568080016
-4.363237172406029,602.8339159197919,0.31868217021167,1.0000000000004061,"(0, 1, 3)",rand007,"(0, 1, 3)",261.59552953727336
-4.405279584664346,560.7915036614744,0.37267223723889803,1.000000000000408,"(1, 7, 9)",rand007,"(1, 7, 9)",189.72591267387796
-4.423222789807607,542.8482985182139,0.32375196361655695,1.0000000000004048,"(2, 3, 7)",rand007,"(2, 3, 7)",255.8458898518392
-4.350109382899766,615.9617054260549,0.31039481570944005,1.000000000000406,"(0, 1, 5)",rand007,"(0, 1, 5)",261.59552953727336
-4.412399448221573,553.6716401042474,0.3635998906600661,1.0000000000004035,"(3, 5, 9)",rand007,"(3, 5, 9)",175.54212629681308
