seed,ordering,perm,E_ccsd_lucj,err_ccsd_lucj_mHa,retained_J,n_unique,n_alpha_tot,n_beta_tot,top1,dim,E_sub,err_sub_mHa,dps_full,gini_full,neff_full,entropy_full,compactness90_full,compactness99_full,compactness999_full,dps_alpha,gini_alpha,neff_alpha,entropy_alpha,compactness90_alpha,compactness99_alpha,compactness999_alpha,dps_beta,gini_beta,neff_beta,entropy_beta,compactness90_beta,compactness99_beta,compactness999_beta
2026,identity,0123456789,-108.64778006887195,196.52036343998702,0.2873536075155891,146,39,39,0.977585,225,-108.8184866406579,25.81379165404485,0.000149,0.9906378389261743,1.0458634106643716,0.17324260654826057,1,7,38,4.3e-05,0.9745173488372092,1.031896885080231,0.10932011935971085,1,3,10,3.9e-05,0.9718929743589744,1.0319866355405016,0.1095902655904957,1,3,10
2026,p01,2590783416,-108.63476075423846,209.53967807348306,0.21351062244259778,115,34,34,0.986134,225,-108.805821429987,38.47900232493373,0.000119,0.9895387899159664,1.028295147446364,0.11586112606063889,1,4,25,3.4e-05,0.9686919411764707,1.0176186073112772,0.06855566831790245,1,1,9,3.3e-05,0.9677306060606061,1.0173564642774289,0.06789808867917976,1,1,9
2026,p02,2847319065,-108.59094802041301,253.35241189893054,0.2306335970710036,77,32,33,0.990608,225,-108.8220226014498,22.277830862137193,8.2e-05,0.9864200487804877,1.019012947970741,0.07730524443877432,1,1,12,3.1e-05,0.9667782580645161,1.0095083381097945,0.03888227166996117,1,1,4,3.2e-05,0.9678016875,1.0096400609973544,0.039371649963386206,1,1,5
2026,p03,3186970425,-108.626674481136,217.62595117593264,0.2095571326848594,132,35,38,0.979061,225,-108.7945757994807,49.72463283124284,0.000132,0.9904073030303031,1.0426603133955181,0.15633920429654125,1,5,23,3.7e-05,0.9711103243243244,1.0246450504197444,0.08710627656248301,1,2,8,3.9e-05,0.9725942564102565,1.0246386012277926,0.0870428479303116,1,2,8
2026,p04,3976501824,-108.59866572158705,245.63471072488596,0.23294068702602144,94,31,30,0.985494,225,-108.8025690708324,41.73136147953471,9.4e-05,0.9874621702127659,1.0294241979708423,0.11308599135829629,1,3,20,3.2e-05,0.9673022499999999,1.0148695029801458,0.057319940653880984,1,1,7,2.9e-05,0.963948,1.014553264735893,0.056288446470433226,1,1,7
2026,p05,0841723956,-108.62171027067984,222.59016163209822,0.20373249110891956,109,36,38,0.988915,225,-108.8195793869779,24.721045334032965,0.000107,0.9890531214953273,1.0224289995726228,0.09261014064137496,1,2,21,3.8e-05,0.9723597368421051,1.0148105747419163,0.05830580805099175,1,1,7,3.1e-05,0.9660679999999999,1.0151171597791853,0.059456838931405534,1,1,7
2026,p06,7245831609,-108.6412077845536,203.09264775833924,0.2263090709592158,119,33,35,0.978637,225,-108.7912131503164,53.0872819955448,0.000129,0.9899117984496124,1.0435724450707808,0.16130913135478583,1,6,27,3.6e-05,0.9699420000000001,1.031535006469725,0.10600517650208614,1,2,8,3.7e-05,0.9707947027027028,1.0312168136515196,0.10489737021016635,1,2,8
2026,p07,2519086374,-108.60571714361997,238.5832886919701,0.3044550866471124,120,34,36,0.986961,225,-108.8240399301353,20.260502176640216,0.000111,0.988868954954955,1.0265358731756755,0.10930598384936407,1,3,28,3.5e-05,0.9696226857142858,1.0175671733034384,0.06794985674596214,1,1,9,3.3e-05,0.9678049090909091,1.017616165050542,0.0680002466539116,1,1,9
2026,p08,5294863710,-108.64267820133803,201.62223097391063,0.23196214520012517,123,39,37,0.978223,225,-108.8022448810258,42.0555512861398,0.000133,0.9902725563909773,1.0445207963912375,0.15963359059337895,1,5,27,3.7e-05,0.9708986486486486,1.0341240317147447,0.10909971411416301,1,2,7,4e-05,0.9730519500000001,1.034064137756885,0.10914159143372497,1,2,7
2026,p09,1420693857,-108.61482856011949,229.47187219244825,0.1454054033157669,87,30,28,0.988585,225,-108.7940289974585,50.27143485344254,9.2e-05,0.9875608695652174,1.0231020045821693,0.09291543752930966,1,2,15,3.1e-05,0.9665361935483872,1.0143796435680346,0.05418351135462243,1,1,6,3e-05,0.9654396666666665,1.0142347268538578,0.053667488956797786,1,1,6
2026,p10,2013948657,-108.61765693837924,226.64349393269845,0.2019501778857106,117,39,35,0.988009,225,-108.7992336292605,45.06680305144073,0.000124,0.9903655967741936,1.0243263279649422,0.09976186652756275,1,2,23,3.9e-05,0.9729005641025641,1.0160169960943857,0.06283924890414289,1,1,7,3.6e-05,0.9706962222222224,1.0157753877968994,0.06185523882744995,1,1,7
2026,p11,2059483716,-108.62795218358768,216.34824872425895,0.1548157013889487,117,33,30,0.986486,225,-108.8026963035715,41.60412874044539,0.000112,0.9891638392857143,1.027473569560723,0.11131853162603167,1,4,20,3e-05,0.9647850666666666,1.0166052407189556,0.06435476439764813,1,1,8,3.2e-05,0.9669430000000001,1.0169085619083975,0.06547853189319347,1,1,8
2026,p12,0874562139,-108.62906765145593,215.23278085601305,0.2092286218785164,123,39,35,0.986444,225,-108.8190340604872,25.266371824741896,0.000111,0.9890270090090092,1.0275746079960828,0.111148273483713,1,4,23,3.4e-05,0.9687631764705884,1.0167914730607905,0.065833336266792,1,1,8,3.3e-05,0.9677958787878789,1.0169143514746815,0.06627882242044911,1,1,8
2026,p13,8054372961,-108.60957988725586,234.72054505607787,0.1997790013511812,111,38,38,0.989692,225,-108.8242922495952,20.008182716736655,0.000108,0.9893287777777777,1.0208411532592125,0.08602950267723086,1,2,20,3.7e-05,0.9718184864864865,1.0132796971838207,0.05255182315338008,1,1,6,4e-05,0.97389145,1.0135548061581743,0.05358311063401304,1,1,7
2026,p14,6579301248,-108.59320164779183,251.09878452011003,0.18054520269322355,71,29,28,0.9875,225,-108.7957758840865,48.524548225444164,7.9e-05,0.9857857215189874,1.0253841899394625,0.09635377925694633,1,2,14,3.5e-05,0.9704798857142858,1.0126906504432103,0.04839792139043774,1,1,5,2.9e-05,0.9643803448275861,1.0125240943938836,0.047983516129956806,1,1,5
2026,p15,8172640953,-108.61587230661664,228.42812569530224,0.2563210382736304,99,29,31,0.983268,225,-108.7940289974585,50.27143485344254,9.5e-05,0.9874792842105262,1.03400337825595,0.12713976286150622,1,4,17,3.2e-05,0.9672845625,1.0193826536579764,0.06915053982632932,1,1,6,2.9e-05,0.9638900689655172,1.0197809365880863,0.07028236950947823,1,1,6
2026,p16,0472635918,-108.62410281737992,220.19761493201884,0.2714476067960903,145,39,38,0.975125,225,-108.8078137940775,36.486638234435986,0.000135,0.9901288592592594,1.0510280691848093,0.18112623073661238,1,5,31,3.4e-05,0.9681034705882354,1.0345652788129864,0.11293656249709767,1,2,8,3.5e-05,0.969022742857143,1.0343031950712132,0.1121946684829691,1,2,8
2026,p17,6237098145,-108.61424689979405,230.05353251788563,0.3101049577944687,126,38,39,0.986321,225,-108.7968137906301,47.48664168184291,0.000128,0.99055609375,1.027837345510466,0.11098119337161136,1,4,22,3.8e-05,0.9721417894736841,1.0169929933659154,0.06561295863483933,1,1,7,3.9e-05,0.9728170769230771,1.0171304194174222,0.06625170121847447,1,1,7
2026,p18,9752803416,-108.66353462401761,180.76580829432487,0.2608203348140015,211,47,43,0.949955,225,-108.8165542028456,27.746229466345085,0.000216,0.9918796481481482,1.1070696832851559,0.33524831283675977,1,11,47,4.3e-05,0.9725262790697673,1.0736467073998355,0.20861506366025806,1,3,12,4.9e-05,0.9758357142857144,1.07396324750729,0.20967086242391733,1,3,12
2026,p19,0836497215,-108.64906679289864,195.23363941330274,0.23706894721234323,148,37,43,0.966759,225,-108.814433219465,29.86721284693772,0.000158,0.9910801265822784,1.0689880340345,0.22667804233556654,1,5,36,3.9e-05,0.971898153846154,1.0425215467757798,0.13094720764964254,1,2,8,4e-05,0.9725947000000001,1.0421142664852763,0.13007549857440112,1,2,9
2026,p20,2756819403,-108.63300116122296,211.29927108897562,0.27242614862198655,180,42,42,0.960847,225,-108.8222128256641,22.087606647843927,0.000179,0.9913487486033519,1.0821736339956596,0.2698725711376522,1,8,41,4e-05,0.97202955,1.0492289992389194,0.15041751730068315,1,3,9,3.9e-05,0.9713052307692309,1.0490577952591937,0.1501581892550439,1,3,9
2026,p21,5836412790,-108.63000241959571,214.2980127162275,0.21666034080302335,131,40,41,0.984213,225,-108.800588383044,43.71204926793837,0.000129,0.9903593333333334,1.032123136255523,0.12590956434500086,1,4,26,3.4e-05,0.9688576470588237,1.0191712830418795,0.07115123523935647,1,1,8,3.7e-05,0.9713614594594595,1.0189720231829162,0.07063882958403123,1,1,9
2026,p22,9537612480,-108.64026167435705,204.03875795489057,0.22650533688468172,137,37,37,0.974976,225,-108.8222128256641,22.087606647843927,0.000139,0.9905610071942446,1.0513325491805101,0.18105590083853915,1,5,26,4.2e-05,0.9741119047619049,1.034937010339682,0.11471348514248107,1,2,8,3.9e-05,0.9721443076923078,1.034951603421257,0.11461732534556146,1,2,8
2026,p23,2938704165,-108.61610258796357,228.1978443483723,0.13869229863726315,72,27,24,0.989287,225,-108.7476512152956,96.64921701633489,8.3e-05,0.9862317108433736,1.0216389347528347,0.08859480488681022,1,2,16,2.8e-05,0.9629129285714284,1.011204076353887,0.04584892718353736,1,1,6,2.8e-05,0.9629445714285714,1.011195797289552,0.04565626967108539,1,1,6
2026,p24,0972835641,-108.65662746062281,187.67297168912478,0.24236881205647415,155,36,39,0.979631,225,-108.8017196652629,42.580767049045676,0.00015,0.9908599333333334,1.0414774002068024,0.1596519435945561,1,6,37,4.1e-05,0.9731930243902438,1.0299886532857765,0.10560992315051676,1,2,11,4.2e-05,0.9738286666666667,1.0299412123490066,0.10556628315309494,1,3,10
2026,p25,4135860729,-108.62846421141569,215.8362208962501,0.15694755546932465,110,29,29,0.984853,225,-108.7883902352666,55.91019704533551,0.000118,0.9897009830508474,1.030731473067888,0.12014026379824952,1,4,19,3.2e-05,0.96712025,1.0183180883779608,0.06808856794556452,1,1,7,3.1e-05,0.9660695483870969,1.0181788841267545,0.06767708359119819,1,1,7
7,identity,0123456789,-108.64778006887195,196.52036343998702,0.2873536075155891,147,40,39,0.97761,225,-108.8195152432876,24.785189024342458,0.000147,0.9905778231292517,1.0460908251798173,0.17324820786264764,1,6,37,3.8e-05,0.9711727368421053,1.031948467020609,0.10932688878429996,1,2,10,3.8e-05,0.9711846315789472,1.032113760931922,0.10972215603506458,1,3,10
7,p01,2590783416,-108.63476075423846,209.53967807348306,0.21351062244259778,117,35,35,0.986118,225,-108.805821429987,38.47900232493373,0.000121,0.9897039999999999,1.0284721551551346,0.11638781353629953,1,4,24,3.2e-05,0.9667521875,1.0174893323752368,0.06808898492807061,1,1,9,3.4e-05,0.9686515294117648,1.017809313402274,0.06926608532991485,1,1,9
7,p02,2847319065,-108.59094802041301,253.35241189893054,0.2306335970710036,83,33,34,0.990663,225,-108.8144142339785,29.886198333443303,7.7e-05,0.985570103896104,1.0191567296414499,0.07763973866385764,1,1,12,3e-05,0.9656899333333333,1.0094941150810122,0.038755876221940606,1,1,4,3.2e-05,0.9678033125000001,1.0097859594071599,0.03982401546957989,1,1,4
7,p03,3186970425,-108.626674481136,217.62595117593264,0.2095571326848594,122,32,35,0.979147,225,-108.7948523505876,49.44808172433568,0.000113,0.9888213805309733,1.0428794093443041,0.15684329098082794,1,5,22,2.9e-05,0.9631477931034482,1.024688814319291,0.08722504263454738,1,2,8,3.3e-05,0.9676273333333334,1.0247834042036077,0.0873640440386465,1,2,8
7,p04,3976501824,-108.59866572158705,245.63471072488596,0.23294068702602144,96,33,27,0.985536,225,-108.8024109259095,41.88950640244116,9.1e-05,0.9870843736263737,1.0296052000655236,0.1133646449896468,1,3,20,2.8e-05,0.9626417857142857,1.0149816201925013,0.057587804600626395,1,1,7,3.1e-05,0.9662965806451613,1.0146039968846094,0.056292210220106345,1,1,7
7,p05,0841723956,-108.62171027067984,222.59016163209822,0.20373249110891956,111,37,32,0.988973,225,-108.8246087261328,19.691706179145285,0.000107,0.9890511028037385,1.0225857417927664,0.09297302546137913,1,2,21,3.3e-05,0.9681504242424244,1.0150944908797344,0.059228378783586375,1,1,7,4.1e-05,0.9743515121951218,1.0149290847304762,0.05882537336346794,1,1,7
7,p06,7245831609,-108.6412077845536,203.09264775833924,0.2263090709592158,123,33,33,0.978719,225,-108.7912131503164,53.0872819955448,0.000114,0.9885974736842105,1.0437953029898621,0.16190975765404514,1,6,27,2.9e-05,0.9626891724137929,1.0317005714385257,0.10621888394896141,1,2,8,3.6e-05,0.9699346666666668,1.0317400236998389,0.10635192074847793,1,2,8
7,p07,2519086374,-108.60571714361997,238.5832886919701,0.3044550866471124,127,40,38,0.986948,225,-108.8240399301353,20.260502176640216,0.000115,0.9892512347826088,1.0267083188530683,0.10985131138839956,1,3,28,3.4e-05,0.9687621176470589,1.0175772430754426,0.06783171168411899,1,1,9,3.6e-05,0.9704511666666669,1.0178295097671402,0.06878889609801979,1,1,9
7,p08,5294863710,-108.64267820133803,201.62223097391063,0.23196214520012517,123,37,37,0.978283,225,-108.7967248124336,47.575619878344355,0.000127,0.9898222834645669,1.0447493113371213,0.16053191871402708,1,5,26,3.6e-05,0.9700937222222223,1.034113370036432,0.10919225688297007,1,2,7,3.8e-05,0.9716313157894736,1.0341811502625395,0.10962482261962285,1,2,7
7,p09,1420693857,-108.61482856011949,229.47187219244825,0.1454054033157669,81,25,27,0.988622,225,-108.7951652749331,49.13515737884211,9.3e-05,0.9876750537634409,1.0232613928267644,0.09362399898441426,1,2,15,3e-05,0.96542,1.014477490469421,0.05448414295411128,1,1,6,2.7e-05,0.961568,1.0144248894584336,0.054450049730901694,1,1,6
7,p10,2013948657,-108.61765693837924,226.64349393269845,0.2019501778857106,115,42,36,0.988026,225,-108.8050197974937,39.2806348182404,0.000122,0.9902306885245902,1.0244898131040545,0.10010297744142285,1,2,23,3.7e-05,0.9714886486486487,1.015869504631722,0.062140799205990076,1,1,7,3.7e-05,0.9714534594594595,1.0160536351327196,0.06285584055603027,1,1,7
7,p11,2059483716,-108.62795218358768,216.34824872425895,0.1548157013889487,109,32,31,0.986491,225,-108.8027630253079,41.53740700404285,0.000119,0.9897908571428571,1.0276463811659102,0.11191932197922552,1,4,20,3.1e-05,0.965884,1.0168409412318105,0.06523398403207951,1,1,8,3e-05,0.9647527333333332,1.0167159319527381,0.06483756510515276,1,1,8
7,p12,0874562139,-108.62906765145593,215.23278085601305,0.2092286218785164,110,35,32,0.98645,225,-108.8190340604872,25.266371824741896,0.000118,0.989650779661017,1.0277475336961774,0.11192220330587788,1,4,23,3.7e-05,0.9712281081081082,1.017219688103124,0.06739063046933247,1,1,8,3.8e-05,0.9720275263157894,1.016965573022158,0.06649019316664269,1,1,8
7,p13,8054372961,-108.60957988725586,234.72054505607787,0.1997790013511812,102,38,33,0.989799,225,-108.8242922495952,20.008182716736655,0.000103,0.9888343689320389,1.02099141246089,0.08632022561693836,1,2,20,3.6e-05,0.9710141111111112,1.013565006866672,0.05350305709883018,1,1,6,3.7e-05,0.9718214054054055,1.0134262418285818,0.05294004701428164,1,1,6
7,p14,6579301248,-108.59320164779183,251.09878452011003,0.18054520269322355,83,31,30,0.987515,225,-108.7799552876645,64.34514464743302,7.7e-05,0.9854227792207793,1.0255499915105983,0.09685564470681497,1,2,14,2.9e-05,0.9643737931034482,1.0127396224156027,0.048626428670083995,1,1,5,3.1e-05,0.9666823225806451,1.0126337907602705,0.048255873857757633,1,1,5
7,p15,8172640953,-108.61587230661664,228.42812569530224,0.2563210382736304,102,32,26,0.983344,225,-108.7940289974585,50.27143485344254,9.4e-05,0.9873343829787233,1.0341989811732184,0.12783993674008895,1,4,17,3.1e-05,0.9662047741935484,1.0198463958053976,0.070495443512111,1,1,6,2.6e-05,0.9597167692307691,1.0196272518968181,0.06993537613290095,1,1,6
7,p16,0472635918,-108.62410281737992,220.19761493201884,0.2714476067960903,139,37,35,0.975244,225,-108.8246087261328,19.691706179145285,0.000142,0.990568014084507,1.0512701973807193,0.1821900063157972,1,5,31,3.9e-05,0.9721680512820514,1.0346084464851741,0.1132927509160298,1,2,8,4.1e-05,0.9735471707317074,1.0344414982571508,0.1126168015514818,1,2,8
7,p17,6237098145,-108.61424689979405,230.05353251788563,0.3101049577944687,112,34,35,0.986332,225,-108.7968137906301,47.48664168184291,0.000112,0.989200892857143,1.028012379896399,0.11166740770285769,1,4,23,3.4e-05,0.9688020588235295,1.0173374831091653,0.06695134512822222,1,1,7,3.4e-05,0.9688564705882354,1.0169727224234293,0.06563851761641037,1,1,7
7,p18,9752803416,-108.66353462401761,180.76580829432487,0.2608203348140015,203,46,42,0.949995,225,-108.8165542028456,27.746229466345085,0.000203,0.9914022857142857,1.1074339078037885,0.3355278773633684,1,10,48,4.6e-05,0.9743266086956521,1.0740891270528825,0.20929295429546474,1,3,11,4.6e-05,0.9742744782608694,1.0739702745740891,0.2096127283281541,1,3,12
7,p19,0836497215,-108.64906679289864,195.23363941330274,0.23706894721234323,148,37,38,0.96705,225,-108.814433219465,29.86721284693772,0.000155,0.9909605806451613,1.069275443822923,0.22719923493833746,1,5,34,3.9e-05,0.971900153846154,1.042462826523177,0.13079687215479868,1,2,8,4e-05,0.9726158500000002,1.0424814783714698,0.13082372374287005,1,2,8
7,p20,2756819403,-108.63300116122296,211.29927108897562,0.27242614862198655,192,45,40,0.961024,225,-108.8171509742961,27.149458015841788,0.000175,0.9910929714285714,1.082489372623585,0.2712359505917971,1,8,42,4.3e-05,0.9739363255813953,1.0494910401559208,0.1513858218439699,1,3,9,4e-05,0.9719921500000002,1.049086019178139,0.15046181141924303,1,3,10
7,p21,5836412790,-108.63000241959571,214.2980127162275,0.21666034080302335,136,40,38,0.98422,225,-108.8003818367269,43.91859558504052,0.00012,0.98964695,1.0323119511722743,0.12654599084423163,1,4,26,3.4e-05,0.968832411764706,1.0193047446610302,0.07163560798460848,1,1,8,3.5e-05,0.9697137142857144,1.0192228337695894,0.07147522711562175,1,1,8
7,p22,9537612480,-108.64026167435705,204.03875795489057,0.22650533688468172,145,37,40,0.975074,225,-108.8222128256641,22.087606647843927,0.000139,0.9905741726618706,1.0515747167314262,0.18141905704721314,1,5,26,3.7e-05,0.9706433513513515,1.0352175025103567,0.1151612155390766,1,2,8,3.8e-05,0.9714115263157894,1.035123330265433,0.11496290879668322,1,2,8
7,p23,2938704165,-108.61610258796357,228.1978443483723,0.13869229863726315,68,22,23,0.989391,225,-108.7477485599507,96.55187236124618,6.9e-05,0.9834660289855073,1.0217935419557107,0.08896088654144271,1,2,16,2.6e-05,0.9600634615384616,1.0114517965129866,0.046560493316791254,1,1,6,2.6e-05,0.9600736923076922,1.0111410897709616,0.0456174235904928,1,1,6
7,p24,0972835641,-108.65662746062281,187.67297168912478,0.24236881205647415,144,42,37,0.979672,225,-108.8043055898129,39.99484249904128,0.000151,0.9909199602649006,1.0416949945225178,0.16007651381093824,1,6,37,4e-05,0.97254635,1.0303150719046201,0.1062762784249328,1,2,10,3.9e-05,0.9718118974358976,1.0301465615744185,0.10600938483030774,1,2,10
7,p25,4135860729,-108.62846421141569,215.8362208962501,0.15694755546932465,115,32,30,0.984901,225,-108.7883902352666,55.91019704533551,0.000107,0.9886506542056075,1.0309153780950433,0.12066096623447087,1,4,19,2.9e-05,0.9637189655172413,1.018369428719689,0.06823165153651434,1,1,7,2.9e-05,0.9637464827586206,1.0182400735999082,0.06771560278252695,1,1,7
1234,identity,0123456789,-108.64778006887195,196.52036343998702,0.2873536075155891,145,37,38,0.977804,225,-108.8182993927279,26.001039584045316,0.000164,0.9914569024390243,1.0463477554551075,0.17470748550558862,1,7,38,4.3e-05,0.9744539999999999,1.0324609064485366,0.11102685452648596,1,3,10,3.9e-05,0.9718632820512823,1.0320932214612102,0.10998898073993804,1,3,10
1234,p01,2590783416,-108.63476075423846,209.53967807348306,0.21351062244259778,120,36,35,0.986096,225,-108.805821429987,38.47900232493373,0.00012,0.9896168833333334,1.0286701550419002,0.11702925879949035,1,4,24,3.5e-05,0.9695975428571431,1.0176532147088242,0.06856650887801873,1,1,9,3.2e-05,0.9667296249999999,1.0177435949119233,0.06893318432550023,1,1,9
1234,p02,2847319065,-108.59094802041301,253.35241189893054,0.2306335970710036,87,34,33,0.990598,225,-108.8161001714477,28.200260864238658,8.8e-05,0.9873297727272727,1.019315047773604,0.07832420796880792,1,1,12,3.4e-05,0.969671823529412,1.0097819240884274,0.039890769586424145,1,1,5,3.5e-05,0.9705662857142858,1.0096582917004273,0.03940446417135453,1,1,5
1234,p03,3186970425,-108.626674481136,217.62595117593264,0.2095571326848594,111,30,32,0.979271,225,-108.7945757994807,49.72463283124284,0.000126,0.9899583650793651,1.0431237079032913,0.15754063973235577,1,5,22,3.6e-05,0.9703071666666667,1.024975740409042,0.08794895803979175,1,2,8,3.5e-05,0.9694662857142857,1.0248390493820936,0.08754861439197052,1,2,8
1234,p04,3976501824,-108.59866572158705,245.63471072488596,0.23294068702602144,86,29,27,0.985514,225,-108.8030688682021,41.23156410983597,8.7e-05,0.986463724137931,1.0298060196520262,0.11422287983862493,1,3,20,3.3e-05,0.9683257575757576,1.0146694423156712,0.056580390906332066,1,1,7,2.9e-05,0.9639144137931033,1.0151330205587388,0.058154736484534,1,1,7
1234,p05,0841723956,-108.62171027067984,222.59016163209822,0.20373249110891956,107,38,33,0.988848,225,-108.8195793869779,24.721045334032965,0.000114,0.9897059473684211,1.0227594482843876,0.0936370628153817,1,2,21,3.4e-05,0.9690705882352941,1.0151252438266676,0.05940077340778194,1,1,7,3.6e-05,0.9707795555555556,1.0150048455945728,0.05912592199486372,1,1,7
1234,p06,7245831609,-108.6412077845536,203.09264775833924,0.2263090709592158,124,36,33,0.978853,225,-108.7912131503164,53.0872819955448,0.000112,0.988401125,1.0440421674361458,0.16256159255517608,1,6,27,3e-05,0.9639386666666665,1.0318693610714729,0.10661616730440972,1,2,8,2.8e-05,0.9613592857142856,1.0318842792540939,0.10668302825013241,1,2,8
1234,p07,2519086374,-108.60571714361997,238.5832886919701,0.3044550866471124,117,34,35,0.986894,225,-108.8240399301353,20.260502176640216,0.000114,0.9891412456140352,1.0268975035313566,0.11059370070861113,1,3,28,3.1e-05,0.965709806451613,1.0177882044955044,0.06853010357596662,1,1,9,3.8e-05,0.9719949473684211,1.0179420339352185,0.06914271772796943,1,1,9
1234,p08,5294863710,-108.64267820133803,201.62223097391063,0.23196214520012517,122,38,40,0.978378,225,-108.8022448810258,42.0555512861398,0.00013,0.9899950615384616,1.044997356914216,0.16144474336212786,1,5,27,3.8e-05,0.9716311578947368,1.0344280309244498,0.11001949036051348,1,2,7,4.1e-05,0.9736711707317074,1.0343727399339904,0.11015601610439622,1,2,7
1234,p09,1420693857,-108.61482856011949,229.47187219244825,0.1454054033157669,95,32,29,0.988549,225,-108.7950267402415,49.273692070443076,9.5e-05,0.9879310736842104,1.0234369420302705,0.09409790765094317,1,2,15,3.1e-05,0.9665197419354838,1.0146159132922483,0.05490020536448735,1,1,6,3.1e-05,0.9665340645161291,1.0145506961279185,0.05467727410405943,1,1,6
1234,p10,2013948657,-108.61765693837924,226.64349393269845,0.2019501778857106,111,40,33,0.987957,225,-108.7992336292605,45.06680305144073,0.000121,0.9901432231404959,1.0246701463138748,0.10074974857621671,1,2,23,3.6e-05,0.9706929444444445,1.0159511620138322,0.062346903503371735,1,1,7,3.8e-05,0.9721809473684209,1.016117217742813,0.06315506063636613,1,1,7
1234,p11,2059483716,-108.62795218358768,216.34824872425895,0.1548157013889487,112,29,30,0.986454,225,-108.8027630253079,41.53740700404285,0.000115,0.9894460347826088,1.027839773659983,0.11235746764242598,1,4,19,3.3e-05,0.9679839393939393,1.0168487997260551,0.06505190242657412,1,1,8,3.3e-05,0.9679278787878789,1.016965811612395,0.06568856156459348,1,1,8
1234,p12,0874562139,-108.62906765145593,215.23278085601305,0.2092286218785164,119,36,36,0.986407,225,-108.8190340604872,25.266371824741896,0.000127,0.9904116220472441,1.0279405854075365,0.11204170615500783,1,4,22,3.9e-05,0.972762358974359,1.0171865150017483,0.06692644407910266,1,1,7,3.6e-05,0.9705057222222224,1.0170941563029292,0.06658638166662896,1,1,7
1234,p13,8054372961,-108.60957988725586,234.72054505607787,0.1997790013511812,97,32,38,0.989686,225,-108.8238058227713,20.4946095406342,0.000105,0.9889897142857142,1.0211586778358757,0.08729170007852588,1,2,20,3.6e-05,0.9709860555555556,1.0136139185031023,0.05379482974305565,1,1,7,3.5e-05,0.9701753714285715,1.0136240825076739,0.05373639293915889,1,1,6
1234,p14,6579301248,-108.59320164779183,251.09878452011003,0.18054520269322355,77,28,30,0.98744,225,-108.7965833410555,47.71709125644463,8e-05,0.9859471500000001,1.0257347074836467,0.0975666236684372,1,2,14,3.1e-05,0.9666485161290324,1.0127947351511508,0.04893340005342877,1,1,5,3.3e-05,0.9686973939393939,1.0127578781795235,0.04865667953995346,1,1,5
1234,p15,8172640953,-108.61587230661664,228.42812569530224,0.2563210382736304,101,28,31,0.98333,225,-108.7940289974585,50.27143485344254,0.000105,0.9886475428571428,1.0344149006629193,0.12845023812232143,1,4,17,3.2e-05,0.9672676250000001,1.0197620767166262,0.07026051640774206,1,1,6,3.2e-05,0.9672581250000001,1.0199205745299567,0.07075341950770585,1,1,6
1234,p16,0472635918,-108.62410281737992,220.19761493201884,0.2714476067960903,136,39,36,0.975306,225,-108.8246087261328,19.691706179145285,0.000142,0.9905448169014084,1.0515409938954488,0.18311707166143812,1,5,31,4e-05,0.9728485500000001,1.034932529342646,0.11395547332472589,1,2,8,3.6e-05,0.9698474444444445,1.0345137807944775,0.11306631033860737,1,2,8
1234,p17,6237098145,-108.61424689979405,230.05353251788563,0.3101049577944687,118,36,38,0.986286,225,-108.7968137906301,47.48664168184291,0.000125,0.990308432,1.0282079586716784,0.1121960967771781,1,4,23,3.8e-05,0.972088894736842,1.0173106511151615,0.06678663639774066,1,1,7,3.9e-05,0.972838358974359,1.017062773283958,0.06592053628216385,1,1,7
1234,p18,9752803416,-108.66353462401761,180.76580829432487,0.2608203348140015,214,46,44,0.950089,225,-108.8165542028456,27.746229466345085,0.000221,0.9920340542986426,1.1078432179541988,0.33702999152420665,1,11,48,4.4e-05,0.9730575454545454,1.0748679355015829,0.21157519710422606,1,3,12,4.2e-05,0.9718623333333334,1.0740381512748682,0.20946440660037538,1,3,11
1234,p19,0836497215,-108.64906679289864,195.23363941330274,0.23706894721234323,146,40,42,0.967047,225,-108.814433219465,29.86721284693772,0.000154,0.9908578181818182,1.0695897459116896,0.22797936292300935,1,5,35,4.1e-05,0.973241756097561,1.042698849903013,0.1315230699197445,1,2,9,4e-05,0.9725925000000002,1.0426181269748245,0.13117565363505712,1,2,9
1234,p20,2756819403,-108.63300116122296,211.29927108897562,0.27242614862198655,171,39,38,0.96105,225,-108.8172078492961,27.092583015843275,0.000173,0.9910309710982659,1.0828421693919181,0.27171969900099585,1,8,40,3.7e-05,0.9697241621621622,1.0498829733147794,0.15210593912217982,1,3,9,4.1e-05,0.9727051219512195,1.0494421820748276,0.15099554109919683,1,3,9
1234,p21,5836412790,-108.63000241959571,214.2980127162275,0.21666034080302335,120,34,34,0.984223,225,-108.7992304679369,45.0699643750454,0.000132,0.9905199090909091,1.0325218484081247,0.12767729413996703,1,4,26,3.8e-05,0.9720920526315788,1.019520445615606,0.07236950982204118,1,1,9,3.6e-05,0.9704903888888889,1.0193323729014372,0.07217767806830616,1,1,9
1234,p22,9537612480,-108.64026167435705,204.03875795489057,0.22650533688468172,140,37,39,0.975151,225,-108.8219095693616,22.390862950345536,0.000147,0.9910754965986395,1.051846254700555,0.1823286534656541,1,5,25,4.3e-05,0.9747332093023255,1.035537743982038,0.11589859194185603,1,2,8,4e-05,0.9728457500000001,1.035010859114501,0.1147285534566484,1,2,8
1234,p23,2938704165,-108.61610258796357,228.1978443483723,0.13869229863726315,77,27,25,0.989271,225,-108.7477334406368,96.5669916751466,7.3e-05,0.9843280547945206,1.0219629335089486,0.08971143244764457,1,2,17,2.6e-05,0.9600860769230768,1.0112750244913993,0.045944544387395994,1,1,6,2.4e-05,0.9566965833333332,1.011429660684346,0.04663850112765894,1,1,6
1234,p24,0972835641,-108.65662746062281,187.67297168912478,0.24236881205647415,159,44,44,0.979809,225,-108.8029023037004,41.398128611533025,0.000146,0.9906022602739726,1.0419345242072708,0.16077947203538612,1,6,36,3.9e-05,0.9717675384615385,1.0307036609602143,0.10769480296004735,1,3,11,3.9e-05,0.9718605128205129,1.0302994815779605,0.10600923527531345,1,2,10
1234,p25,4135860729,-108.62846421141569,215.8362208962501,0.15694755546932465,116,30,32,0.984897,225,-108.7883902352666,55.91019704533551,0.00012,0.9898471666666666,1.0311224210358807,0.1214283332863208,1,4,20,3.4e-05,0.9690450588235295,1.0184864189420304,0.0685941608030714,1,1,7,3.4e-05,0.9690487647058825,1.0182936363318023,0.06806180819402476,1,1,7
55555,identity,0123456789,-108.64778006887195,196.52036343998702,0.2873536075155891,150,38,39,0.977466,225,-108.8184866406579,25.81379165404485,0.000165,0.9915666909090908,1.0457304584990392,0.1724696489923104,1,6,37,4.5e-05,0.9756508888888891,1.0317815245922162,0.1089113332089333,1,3,10,4.3e-05,0.9745361860465116,1.0317039621833244,0.10859740740319129,1,3,10
55555,p01,2590783416,-108.63476075423846,209.53967807348306,0.21351062244259778,120,37,32,0.985908,225,-108.805821429987,38.47900232493373,0.00012,0.9896321000000001,1.0281931141042027,0.11550228895502612,1,4,25,3.3e-05,0.9677278787878789,1.0176269483015845,0.06867411060608776,1,1,9,3.2e-05,0.966765125,1.0171923472023272,0.06720166014798311,1,1,9
55555,p02,2847319065,-108.59094802041301,253.35241189893054,0.2306335970710036,83,32,33,0.990427,225,-108.8185534057365,25.74702657544492,8.3e-05,0.9866281445783134,1.0189285846346625,0.07685117871634245,1,1,11,3.1e-05,0.9668132258064517,1.0095366074216123,0.03883227195383296,1,1,4,3.2e-05,0.9678123125,1.0095367290874062,0.039044573580983344,1,1,5
55555,p03,3186970425,-108.626674481136,217.62595117593264,0.2095571326848594,117,32,30,0.979011,225,-108.7945757994807,49.72463283124284,0.000125,0.9899030879999999,1.0425319940939337,0.15557392333781128,1,5,22,3.3e-05,0.9676424242424242,1.0246795905758603,0.08696977437047826,1,2,8,3.3e-05,0.9676753939393941,1.0242824011029983,0.0857521957810466,1,2,8
55555,p04,3976501824,-108.59866572158705,245.63471072488596,0.23294068702602144,95,29,33,0.985288,225,-108.8019453414671,42.35509084483624,9.3e-05,0.9873598924731184,1.0293199293557824,0.11262327230155804,1,3,20,3.2e-05,0.9673005625,1.0148085980431298,0.0571964896398488,1,1,7,3e-05,0.9651774666666666,1.0144753962720259,0.055893116607780666,1,1,7
55555,p05,0841723956,-108.62171027067984,222.59016163209822,0.20373249110891956,116,35,33,0.988742,225,-108.8195793869779,24.721045334032965,0.000112,0.9895275357142856,1.022338073994425,0.09227762760947199,1,2,21,3.7e-05,0.9715908108108109,1.0147658360413712,0.05828251142331426,1,1,7,3.8e-05,0.972339894736842,1.0148475088399755,0.05850353533446505,1,1,7
55555,p06,7245831609,-108.6412077845536,203.09264775833924,0.2263090709592158,119,34,33,0.97858,225,-108.7917537632832,52.546669028743054,0.000123,0.9894466016260164,1.0434425384934018,0.16085501188282414,1,6,26,3.4e-05,0.9682091764705882,1.0313255855437982,0.10527753965170862,1,2,8,3.2e-05,0.9662423124999999,1.0313201003267585,0.10502974581926923,1,2,8
55555,p07,2519086374,-108.60571714361997,238.5832886919701,0.3044550866471124,110,33,34,0.986729,225,-108.8240399301353,20.260502176640216,0.000124,0.9900104838709678,1.026438427427569,0.1091663007157954,1,3,28,3.9e-05,0.9727216410256412,1.0176451674877833,0.06827545464916283,1,1,9,3.9e-05,0.9727521025641026,1.017218887629997,0.06690008882674865,1,1,9
55555,p08,5294863710,-108.64267820133803,201.62223097391063,0.23196214520012517,118,37,36,0.978094,225,-108.8022448939173,42.05553839463505,0.000129,0.9900108837209303,1.0443914705668353,0.1590870882821626,1,5,26,3.7e-05,0.9709358378378379,1.0338192073607544,0.10816030434481039,1,2,7,3.9e-05,0.9723748205128206,1.034079564096702,0.1091776047591953,1,2,7
55555,p09,1420693857,-108.61482856011949,229.47187219244825,0.1454054033157669,93,29,28,0.988404,225,-108.7940289974585,50.27143485344254,9e-05,0.9873069333333333,1.0230090099880185,0.09250849344850047,1,2,15,2.8e-05,0.9629781428571427,1.0141370374048462,0.05337821827991234,1,1,6,3.2e-05,0.9675918750000001,1.014330947467244,0.05401916996052251,1,1,6
55555,p10,2013948657,-108.61765693837924,226.64349393269845,0.2019501778857106,116,38,35,0.987771,225,-108.7999685995464,44.331832765536205,0.000113,0.9894712389380531,1.0242310417500655,0.09922231104977872,1,2,23,3.8e-05,0.9722372105263157,1.0156202352800314,0.06141260365794186,1,1,7,3.5e-05,0.969867542857143,1.0158060744761208,0.06188540544375765,1,1,7
55555,p11,2059483716,-108.62795218358768,216.34824872425895,0.1548157013889487,115,34,34,0.986277,225,-108.802508650509,41.791781802942296,0.000111,0.9890771531531533,1.0273719353932154,0.11101515037884331,1,4,20,2.8e-05,0.9622432857142855,1.0166794016789649,0.06472662517985589,1,1,8,3.3e-05,0.9679981212121211,1.016410925584363,0.06378270008351752,1,1,8
55555,p12,0874562139,-108.62906765145593,215.23278085601305,0.2092286218785164,124,35,36,0.986231,225,-108.8174829374371,26.81749487483387,0.000121,0.989946826446281,1.0274724300584308,0.11061678035632319,1,3,23,3.7e-05,0.9713030270270271,1.0169714263153624,0.06626935984133656,1,1,7,3.6e-05,0.9704845000000002,1.0169571760049285,0.0663403481509727,1,1,8
55555,p13,8054372961,-108.60957988725586,234.72054505607787,0.1997790013511812,96,33,35,0.989544,225,-108.8252053921523,19.09504015964103,0.000107,0.9892624859813086,1.0207524551544735,0.08559006092230295,1,2,19,3.6e-05,0.9710424444444445,1.0134649080282379,0.05304573002453084,1,1,6,3.4e-05,0.9693265294117648,1.0133814753644699,0.052883003551098554,1,1,6
55555,p14,6579301248,-108.59320164779183,251.09878452011003,0.18054520269322355,73,29,31,0.987251,225,-108.798178624698,46.12180761394313,7.5e-05,0.9850238933333333,1.0252869371923643,0.09618684872448913,1,2,14,3.2e-05,0.9677210624999999,1.01254243410235,0.04804349742689075,1,1,5,3e-05,0.9655598666666665,1.0125849851879603,0.048175148457572994,1,1,5
55555,p15,8172640953,-108.61587230661664,228.42812569530224,0.2563210382736304,110,32,32,0.983152,225,-108.7949700532919,49.33037902003434,0.000107,0.9888764112149533,1.0338900408195308,0.12683155491268502,1,4,17,3.1e-05,0.9662319354838711,1.0196287450046375,0.0697932410121279,1,1,6,2.9e-05,0.9639017241379311,1.0193705931561943,0.0691706898304285,1,1,6
55555,p16,0472635918,-108.62410281737992,220.19761493201884,0.2714476067960903,123,30,30,0.975148,225,-108.8043332763798,39.96715593214617,0.000135,0.9901212148148149,1.0508857861430958,0.18066399184396023,1,5,31,3.5e-05,0.9690480571428572,1.0344795453873885,0.11241235046647405,1,2,8,3.6e-05,0.9698916111111111,1.0342933730921708,0.11203106888585522,1,2,8
55555,p17,6237098145,-108.61424689979405,230.05353251788563,0.3101049577944687,108,35,34,0.98611,225,-108.7968137906301,47.48664168184291,0.000117,0.9896700341880342,1.0277352762779408,0.11061633583723403,1,4,23,3.9e-05,0.9728227692307694,1.0171364573210815,0.06622848569800753,1,1,7,3.5e-05,0.9697448000000002,1.0169664426893654,0.06560042670680223,1,1,7
55555,p18,9752803416,-108.66353462401761,180.76580829432487,0.2608203348140015,217,45,50,0.95016,225,-108.8165542028456,27.746229466345085,0.000222,0.9920872522522524,1.1068557094196807,0.3345662532805315,1,10,48,5.2e-05,0.9772452307692308,1.0739342521118895,0.2094354905040482,1,3,12,4.6e-05,0.9743276956521738,1.0733674121290777,0.20796596019496524,1,3,11
55555,p19,0836497215,-108.64906679289864,195.23363941330274,0.23706894721234323,144,37,37,0.966927,225,-108.8170029553806,27.297476931337883,0.000153,0.9908324967320261,1.0688229149586816,0.22606980244001992,1,5,35,3.8e-05,0.9711418421052631,1.0421243502539397,0.13014995318394829,1,2,9,3.5e-05,0.9687410857142857,1.0420605767668356,0.1296709163977878,1,2,8
55555,p20,2756819403,-108.63300116122296,211.29927108897562,0.27242614862198655,170,36,35,0.960991,225,-108.8171509742961,27.149458015841788,0.000185,0.9916056756756757,1.081989450101199,0.269469329367341,1,8,42,4.1e-05,0.9726936097560976,1.0494870301875838,0.15100737736504088,1,3,9,4.4e-05,0.9745783181818182,1.0486593925888041,0.14906882356887682,1,3,9
55555,p21,5836412790,-108.63000241959571,214.2980127162275,0.21666034080302335,122,40,34,0.984003,225,-108.8003818367269,43.91859558504052,0.000125,0.9900289760000001,1.032012493756108,0.1258110598961296,1,4,27,3.5e-05,0.969718742857143,1.0190053950149245,0.07087836061372493,1,1,8,3.4e-05,0.9688305882352943,1.0190565228511854,0.0709717844276927,1,1,9
55555,p22,9537612480,-108.64026167435705,204.03875795489057,0.22650533688468172,144,44,43,0.974994,225,-108.8219487506315,22.351681680433444,0.000149,0.9911939731543624,1.0511937357005534,0.1807517298306196,1,5,26,4.2e-05,0.9741505714285714,1.0345940946953913,0.11371283680629007,1,2,8,4.1e-05,0.9735050731707318,1.0347029008053281,0.11404755826674627,1,2,8
55555,p23,2938704165,-108.61610258796357,228.1978443483723,0.13869229863726315,72,27,24,0.989149,225,-108.7477334406368,96.5669916751466,6.5e-05,0.9824778461538461,1.0215500851153843,0.08807861564585423,1,2,16,2.5e-05,0.9584878399999999,1.0110923017675824,0.04539583320372887,1,1,6,2.3e-05,0.9549066086956521,1.0112140199639075,0.045646292849858106,1,1,6
55555,p24,0972835641,-108.65662746062281,187.67297168912478,0.24236881205647415,153,39,39,0.979563,225,-108.8029023037004,41.398128611533025,0.000161,0.9914869192546585,1.0413512654778048,0.15902655154179723,1,5,37,4.6e-05,0.9761168260869564,1.0300940982931062,0.10572438008912782,1,2,10,4.5e-05,0.9755939111111112,1.0299484459847936,0.10534516220952916,1,2,10
55555,p25,4135860729,-108.62846421141569,215.8362208962501,0.15694755546932465,124,31,32,0.984665,225,-108.7972573870359,47.043045276041084,0.000112,0.9891613750000001,1.0306249159012644,0.11975855798645756,1,4,19,3.1e-05,0.9660869032258064,1.0181562831827005,0.06751566870252401,1,1,7,3.2e-05,0.9671286875,1.0180394257974783,0.06727119420246377,1,1,7
31415,identity,0123456789,-108.64778006887195,196.52036343998702,0.2873536075155891,155,45,45,0.97761,225,-108.8166234475194,27.67698479253511,0.000147,0.9904918367346938,1.0465126205495083,0.1752346398729661,1,7,37,3.9e-05,0.9718808205128207,1.0322954370442983,0.1103429870452813,1,3,10,3.8e-05,0.9710845263157895,1.0324804756441963,0.11122121214079918,1,3,10
31415,p01,2590783416,-108.63476075423846,209.53967807348306,0.21351062244259778,115,32,33,0.98604,225,-108.805821429987,38.47900232493373,0.000123,0.9898676585365855,1.0287971191598015,0.11737870365666367,1,4,24,3.4e-05,0.9686906470588237,1.0176898531751595,0.06867132382038249,1,1,9,3.6e-05,0.9704345555555556,1.017878675598996,0.06923959149508797,1,1,9
31415,p02,2847319065,-108.59094802041301,253.35241189893054,0.2306335970710036,85,35,37,0.99046,225,-108.8203876294791,23.912802832839475,8.3e-05,0.9865784096385544,1.019417738694978,0.07859355667989172,1,1,12,3.2e-05,0.967813375,1.0096582152813918,0.039385207085356595,1,1,4,3.5e-05,0.9705512000000001,1.0098872868812605,0.040156221157465706,1,1,4
31415,p03,3186970425,-108.626674481136,217.62595117593264,0.2095571326848594,124,36,32,0.979138,225,-108.7945757994807,49.72463283124284,0.000115,0.9889863652173914,1.0432828221636028,0.15812755579246995,1,5,22,3.4e-05,0.9685170588235295,1.0250833509586417,0.08844370256710839,1,2,8,3.2e-05,0.9666083750000001,1.0247358222255505,0.0872681724198221,1,2,8
31415,p04,3976501824,-108.59866572158705,245.63471072488596,0.23294068702602144,86,29,29,0.985482,225,-108.8019453414671,42.35509084483624,8.8e-05,0.9866388863636362,1.0299349994065843,0.11439630738645282,1,3,20,2.8e-05,0.9626770714285713,1.0147776584759374,0.056866149595871864,1,1,7,3e-05,0.9651448666666667,1.0151693827532893,0.058092816251303685,1,1,7
31415,p05,0841723956,-108.62171027067984,222.59016163209822,0.20373249110891956,111,34,33,0.988807,225,-108.8195927100442,24.707722267734766,0.000112,0.9894895714285714,1.0228733379928878,0.0942902169660734,1,2,22,3.7e-05,0.9715532972972973,1.0150928591719757,0.05948679169033328,1,1,7,3.7e-05,0.9715687567567568,1.0151579610519081,0.0595749054782011,1,1,7
31415,p06,7245831609,-108.6412077845536,203.09264775833924,0.2263090709592158,128,34,37,0.978693,225,-108.7912131503164,53.0872819955448,0.000129,0.9898880620155039,1.0442049011446812,0.16322765509771578,1,6,27,3.7e-05,0.970758918918919,1.0317242237648316,0.10637430556065809,1,2,8,3.7e-05,0.9707546486486487,1.0318600193908303,0.10671748225568999,1,2,8
31415,p07,2519086374,-108.60571714361997,238.5832886919701,0.3044550866471124,116,36,36,0.986856,225,-108.8240399301353,20.260502176640216,0.000115,0.9892640521739131,1.027022400735896,0.11088701069914751,1,3,27,3.3e-05,0.9677641212121213,1.0178621411707187,0.06886441514174049,1,1,9,3.4e-05,0.9687083529411766,1.0178666279419406,0.06894666544860222,1,1,9
31415,p08,5294863710,-108.64267820133803,201.62223097391063,0.23196214520012517,116,36,34,0.978242,225,-108.8022448810258,42.0555512861398,0.000125,0.989638848,1.045159632205576,0.16150475070832856,1,5,27,3.8e-05,0.9716184736842104,1.0343217297656897,0.1098860537409484,1,2,7,3.6e-05,0.9700727777777778,1.0346260786320223,0.11036962742818492,1,2,7
31415,p09,1420693857,-108.61482856011949,229.47187219244825,0.1454054033157669,91,29,28,0.988502,225,-108.7951652749332,49.13515737874263,8.6e-05,0.9866751627906976,1.023552885324464,0.09448738303154935,1,2,15,2.7e-05,0.9615297037037038,1.014806055059838,0.05567199182610207,1,1,6,2.6e-05,0.9601282307692307,1.0144365176491323,0.05421292109641309,1,1,6
31415,p10,2013948657,-108.61765693837924,226.64349393269845,0.2019501778857106,112,37,33,0.987938,225,-108.7992336292605,45.06680305144073,0.000113,0.9894693274336284,1.0247880469867405,0.10096224839191281,1,3,23,3.4e-05,0.9689504117647061,1.0161149388205306,0.06296312969234402,1,1,7,3.4e-05,0.9689677647058825,1.016188341133968,0.06303742945864808,1,1,7
31415,p11,2059483716,-108.62795218358768,216.34824872425895,0.1548157013889487,111,30,32,0.986428,225,-108.8027630253079,41.53740700404285,0.000113,0.9892098230088495,1.0279670941843806,0.113169848544315,1,4,20,3.4e-05,0.9688659411764706,1.0169966382397286,0.06582134541962409,1,1,8,2.8e-05,0.9622169999999999,1.0169882023713501,0.06568837159312725,1,1,8
31415,p12,0874562139,-108.62906765145593,215.23278085601305,0.2092286218785164,113,35,34,0.986379,225,-108.8190340604872,25.266371824741896,0.000114,0.9892752807017544,1.0280680542003635,0.11292264315801041,1,4,24,3.7e-05,0.9712693513513515,1.0170760642452392,0.06678021994764397,1,1,8,3.5e-05,0.9696037142857143,1.01730564298135,0.06755635807359926,1,1,8
31415,p13,8054372961,-108.60957988725586,234.72054505607787,0.1997790013511812,102,32,35,0.989591,225,-108.8240159190538,20.284513258133074,0.000111,0.9895621621621622,1.0212680002330827,0.08774331281877533,1,2,20,3.8e-05,0.972498894736842,1.013750545508368,0.054278823357728864,1,1,7,3.7e-05,0.9717767567567568,1.013634362621174,0.05384339950127581,1,1,7
31415,p14,6579301248,-108.59320164779183,251.09878452011003,0.18054520269322355,80,32,30,0.987379,225,-108.7777391268441,66.56130546784311,7.8e-05,0.9855949230769232,1.0258564036142763,0.097700366799281,1,2,14,2.8e-05,0.9631436428571427,1.0127270056556537,0.04833822395703028,1,1,5,3.3e-05,0.9686683030303032,1.0129795060879998,0.04938598444095764,1,1,5
31415,p15,8172640953,-108.61587230661664,228.42812569530224,0.2563210382736304,96,30,30,0.983296,225,-108.7940289974585,50.27143485344254,9.6e-05,0.9876127499999998,1.0345552389121688,0.1286318352267194,1,4,17,3e-05,0.9650885333333332,1.0197420036176355,0.07020956373784422,1,1,6,2.9e-05,0.9639016551724138,1.0199017041112588,0.07049072444422771,1,1,6
31415,p16,0472635918,-108.62410281737992,220.19761493201884,0.2714476067960903,131,35,34,0.975253,225,-108.8246087261328,19.691706179145285,0.000141,0.990519460992908,1.0517132298742082,0.18297410869394803,1,5,31,3.4e-05,0.9681332352941177,1.0345610405433188,0.11261145471535292,1,2,8,3.7e-05,0.9706649189189189,1.034765173516337,0.11350353395862076,1,2,8
31415,p17,6237098145,-108.61424689979405,230.05353251788563,0.3101049577944687,109,35,34,0.986277,225,-108.7968137906301,47.48664168184291,0.000111,0.9890900540540541,1.0283351534189693,0.11269753324108618,1,4,23,3.2e-05,0.9668770625,1.017228879312597,0.06655943860931715,1,1,7,3.4e-05,0.9688018235294118,1.0174275543680646,0.06719728225773139,1,1,7
31415,p18,9752803416,-108.66353462401761,180.76580829432487,0.2608203348140015,219,44,45,0.950204,225,-108.8165542028456,27.746229466345085,0.000209,0.9915528421052633,1.1081137700744157,0.33806231521696906,1,11,48,5e-05,0.976299,1.0740388198590156,0.20989519363556236,1,3,12,4.7e-05,0.9747934893617023,1.0743315165594693,0.21055714121381786,1,3,12
31415,p19,0836497215,-108.64906679289864,195.23363941330274,0.23706894721234323,145,39,37,0.966933,225,-108.814433219465,29.86721284693772,0.000149,0.9905542281879194,1.069798198752835,0.22860961858693946,1,5,35,3.8e-05,0.9711407894736841,1.0427117728815896,0.13147333692725063,1,2,9,4.1e-05,0.9732578048780487,1.0428659035164058,0.13162133569345713,1,2,9
31415,p20,2756819403,-108.63300116122296,211.29927108897562,0.27242614862198655,189,39,43,0.961041,225,-108.8222128256641,22.087606647843927,0.000176,0.9911782840909091,1.083068900181327,0.27220442951301854,1,8,40,3.7e-05,0.969726972972973,1.049746824211448,0.1517752648906204,1,3,9,3.9e-05,0.9713032307692309,1.049778356780875,0.15158419577231794,1,3,9
31415,p21,5836412790,-108.63000241959571,214.2980127162275,0.21666034080302335,129,38,34,0.984199,225,-108.8003818367269,43.91859558504052,0.000116,0.9892821379310346,1.032659621544382,0.12765635536865685,1,4,25,3.7e-05,0.9713254594594596,1.0194365720430498,0.07220620338543181,1,1,9,3.4e-05,0.9688394705882355,1.0193170406396022,0.07164045979486035,1,1,8
31415,p22,9537612480,-108.64026167435705,204.03875795489057,0.22650533688468172,136,37,36,0.97509,225,-108.8219031441314,22.39728818054232,0.00013,0.9899232615384617,1.0520218807981059,0.18271773124604393,1,5,25,3.8e-05,0.9713913684210524,1.035328241308568,0.11555871045521995,1,2,8,3.4e-05,0.9680612941176472,1.0351623778673071,0.11497077475447343,1,2,8
31415,p23,2938704165,-108.61610258796357,228.1978443483723,0.13869229863726315,75,25,25,0.989175,225,-108.7477334406368,96.5669916751466,7.8e-05,0.9853374871794873,1.022074375674192,0.09002965130416989,1,2,16,2.8e-05,0.9628983571428571,1.0113726834988161,0.04638393789031101,1,1,6,2.5e-05,0.95848496,1.0114538723406625,0.04652206251030414,1,1,6
31415,p24,0972835641,-108.65662746062281,187.67297168912478,0.24236881205647415,137,36,39,0.979736,225,-108.8043055898129,39.99484249904128,0.00015,0.9908423066666667,1.0420919775021318,0.16139750955754717,1,6,36,4.2e-05,0.9737976190476192,1.0306093202559472,0.10731170265692468,1,3,11,3.8e-05,0.971053947368421,1.0305885528585106,0.10721197260053274,1,3,10
31415,p25,4135860729,-108.62846421141569,215.8362208962501,0.15694755546932465,109,31,32,0.984876,225,-108.7920544477915,52.24598452043949,0.000104,0.9883251538461539,1.0312561106672202,0.12159284853387914,1,4,19,2.9e-05,0.9637482068965517,1.018348562124789,0.06797415771453047,1,1,6,2.9e-05,0.9636935862068965,1.0187387805730275,0.06933912419069634,1,1,7
