dim_alpha,dim_beta,dim,n_unique_alpha,n_unique_beta,depth,two_qubit_count,status,err_mHa,captured,ordering,triple,retained_J,retained_J_samespin,retained_J_oppspin,err_lucj,full_capture
15,15,225,39,41,2672,14814,OK,28.84444850734269,0.9806563594670196,identity,"(0, 1, 2)",0.2883321499011539,0.46557389435310936,0.11109040544919842,196.99025271097526,1.0000000000001303
15,15,225,43,42,2688,14814,OK,31.870454303643214,0.9788639618129478,identity,"(0, 1, 3)",0.28735360813796657,0.46557389435310936,0.1091333219228238,199.73821783479195,1.0000000000001286
15,15,225,43,42,2672,14812,OK,31.870454303643214,0.9788639618129478,identity,"(0, 1, 4)",0.28735360813796657,0.46557389435310936,0.1091333219228238,199.73821783479195,1.0000000000001286
15,15,225,43,42,2696,14814,OK,31.870454303643214,0.9788639618129478,identity,"(0, 1, 5)",0.28735360813796657,0.46557389435310936,0.1091333219228238,199.73821783479195,1.0000000000001286
15,15,225,43,42,2672,14814,OK,31.870454303643214,0.9788639618129478,identity,"(0, 1, 6)",0.28735360813796657,0.46557389435310936,0.1091333219228238,199.73821783479195,1.0000000000001286
15,15,225,41,42,2696,14814,OK,24.289052413038803,0.9831338991515087,identity,"(0, 1, 7)",0.2883321499011539,0.46557389435310936,0.11109040544919842,195.56600417168113,1.0000000000001308
15,15,225,47,47,2672,14814,OK,31.870454303643214,0.9788639618129477,identity,"(0, 1, 8)",0.3130620797915397,0.46557389435310936,0.1605502652299701,178.78282184649663,1.0000000000001275
15,15,225,46,45,2672,14814,OK,24.267038653349005,0.9831497139805823,identity,"(0, 1, 9)",0.31621179744580524,0.46557389435310936,0.1668497005385012,171.6496972727839,1.0000000000001263
15,15,225,38,39,2686,14814,OK,46.56101398974499,0.9659792814594121,identity,"(0, 2, 3)",0.2626236782475807,0.46557389435310936,0.05967346214205206,219.48523498463146,1.0000000000001297
15,15,225,38,39,2654,14812,OK,46.56101398974499,0.9659792814594121,identity,"(0, 2, 4)",0.2626236782475807,0.46557389435310936,0.05967346214205206,219.48523498463146,1.0000000000001297
15,15,225,38,39,2696,14814,OK,46.56101398974499,0.9659792814594121,identity,"(0, 2, 5)",0.2626236782475807,0.46557389435310936,0.05967346214205206,219.48523498463146,1.0000000000001297
15,15,225,38,39,2654,14814,OK,46.56101398974499,0.9659792814594121,identity,"(0, 2, 6)",0.2626236782475807,0.46557389435310936,0.05967346214205206,219.48523498463146,1.0000000000001297
15,15,225,38,41,2696,14814,OK,51.57122019664939,0.9394902763932316,identity,"(0, 2, 7)",0.263602220010768,0.46557389435310936,0.0616305456684267,215.57680901892695,1.0000000000001306
15,15,225,40,44,2654,14814,OK,31.870454303643214,0.9788639618129477,identity,"(0, 2, 8)",0.28833214990115386,0.46557389435310936,0.11109040544919838,196.2401214284455,1.000000000000125
15,15,225,45,45,2654,14814,OK,46.56101398974499,0.9659792814594121,identity,"(0, 2, 9)",0.2914818675554194,0.46557389435310936,0.11738984075772951,190.9296843770676,1.0000000000001323
15,15,225,37,39,2686,14812,OK,31.870454303643214,0.9788639618129475,identity,"(0, 3, 4)",0.26164513648439336,0.46557389435310936,0.05771637861567742,222.44706873203768,1.0000000000001306
15,15,225,37,39,2696,14814,OK,31.870454303643214,0.9788639618129475,identity,"(0, 3, 5)",0.26164513648439336,0.46557389435310936,0.05771637861567742,222.44706873203768,1.0000000000001306
15,15,225,37,39,2686,14814,OK,31.870454303643214,0.9788639618129475,identity,"(0, 3, 6)",0.26164513648439336,0.46557389435310936,0.05771637861567742,222.44706873203768,1.0000000000001306
15,15,225,36,40,2696,14814,OK,51.57122019664939,0.9394902763932313,identity,"(0, 3, 7)",0.2626236782475807,0.46557389435310936,0.05967346214205206,218.46622406026484,1.00000000000013
15,15,225,41,43,2686,14814,OK,31.870454303643214,0.9788639618129475,identity,"(0, 3, 8)",0.28735360813796657,0.46557389435310936,0.10913332192282374,199.48932575398715,1.0000000000001286
15,15,225,43,49,2686,14814,OK,46.56101398974499,0.965979281459412,identity,"(0, 3, 9)",0.2905033257922321,0.46557389435310936,0.11543275723135486,194.1210960501678,1.0000000000001315
15,15,225,37,39,2696,14812,OK,31.870454303643214,0.9788639618129475,identity,"(0, 4, 5)",0.26164513648439336,0.46557389435310936,0.05771637861567742,222.44706873203768,1.0000000000001306
15,15,225,37,39,2654,14812,OK,31.870454303643214,0.9788639618129475,identity,"(0, 4, 6)",0.26164513648439336,0.46557389435310936,0.05771637861567742,222.44706873203768,1.0000000000001306
15,15,225,36,40,2696,14812,OK,51.57122019664939,0.9394902763932313,identity,"(0, 4, 7)",0.2626236782475807,0.46557389435310936,0.05967346214205206,218.46622406026484,1.00000000000013
15,15,225,41,43,2654,14812,OK,31.870454303643214,0.9788639618129475,identity,"(0, 4, 8)",0.28735360813796657,0.46557389435310936,0.10913332192282374,199.48932575398715,1.0000000000001286
15,15,225,43,49,2654,14812,OK,46.56101398974499,0.965979281459412,identity,"(0, 4, 9)",0.2905033257922321,0.46557389435310936,0.11543275723135486,194.1210960501678,1.0000000000001315
15,15,225,37,39,2696,14814,OK,31.870454303643214,0.9788639618129475,identity,"(0, 5, 6)",0.26164513648439336,0.46557389435310936,0.05771637861567742,222.44706873203768,1.0000000000001306
15,15,225,36,40,2696,14814,OK,51.57122019664939,0.9394902763932313,identity,"(0, 5, 7)",0.2626236782475807,0.46557389435310936,0.05967346214205206,218.46622406026484,1.00000000000013
15,15,225,41,43,2696,14814,OK,31.870454303643214,0.9788639618129475,identity,"(0, 5, 8)",0.28735360813796657,0.46557389435310936,0.10913332192282374,199.48932575398715,1.0000000000001286
15,15,225,43,49,2696,14814,OK,46.56101398974499,0.965979281459412,identity,"(0, 5, 9)",0.2905033257922321,0.46557389435310936,0.11543275723135486,194.1210960501678,1.0000000000001315
15,15,225,36,40,2696,14814,OK,51.57122019664939,0.9394902763932313,identity,"(0, 6, 7)",0.2626236782475807,0.46557389435310936,0.05967346214205206,218.46622406026484,1.00000000000013
15,15,225,41,43,2654,14814,OK,31.870454303643214,0.9788639618129475,identity,"(0, 6, 8)",0.28735360813796657,0.46557389435310936,0.10913332192282374,199.48932575398715,1.0000000000001286
15,15,225,43,49,2654,14814,OK,46.56101398974499,0.965979281459412,identity,"(0, 6, 9)",0.2905033257922321,0.46557389435310936,0.11543275723135486,194.1210960501678,1.0000000000001315
15,15,225,41,41,2696,14814,OK,28.615051437640204,0.9790483593664855,identity,"(0, 7, 8)",0.28833214990115386,0.46557389435310936,0.11109040544919838,195.82076334684473,1.0000000000001272
15,15,225,44,47,2696,14814,OK,46.56101398974499,0.965979281459412,identity,"(0, 7, 9)",0.2914818675554194,0.46557389435310936,0.11738984075772951,191.13416703146413,1.0000000000001312
15,15,225,46,46,2654,14814,OK,31.307073886935655,0.9762021976868116,identity,"(0, 8, 9)",0.3162117974458052,0.46557389435310936,0.16684970053850112,173.93339520938866,1.000000000000128
15,15,225,40,34,2688,14814,OK,29.068263305447317,0.9781335524780966,identity,"(1, 2, 3)",0.2594739605933152,0.46557389435310936,0.05337402683352101,222.46989511181425,1.0000000000001308
15,15,225,40,34,2672,14812,OK,29.068263305447317,0.9781335524780966,identity,"(1, 2, 4)",0.2594739605933152,0.46557389435310936,0.05337402683352101,222.46989511181425,1.0000000000001308
15,15,225,40,34,2696,14814,OK,29.068263305447317,0.9781335524780966,identity,"(1, 2, 5)",0.2594739605933152,0.46557389435310936,0.05337402683352101,222.46989511181425,1.0000000000001308
15,15,225,40,34,2672,14814,OK,29.068263305447317,0.9781335524780966,identity,"(1, 2, 6)",0.2594739605933152,0.46557389435310936,0.05337402683352101,222.46989511181425,1.0000000000001308
15,15,225,35,35,2696,14814,OK,27.133941327647904,0.9788648172146902,identity,"(1, 2, 7)",0.26045250235650247,0.46557389435310936,0.055331110359895644,218.63625060402114,1.0000000000001326
15,15,225,38,38,2672,14814,OK,32.43364529834025,0.9770425035292898,identity,"(1, 2, 8)",0.28518243224688833,0.46557389435310936,0.10479097014066731,201.60100754070243,1.0000000000001337
15,15,225,40,38,2672,14814,OK,31.870454303643214,0.9788639618129475,identity,"(1, 2, 9)",0.2883321499011539,0.46557389435310936,0.11109040544919843,195.77003062991594,1.00000000000013
15,15,225,34,32,2688,14812,OK,46.02280850293994,0.9581210331383865,identity,"(1, 3, 4)",0.25849541883012783,0.46557389435310936,0.05141694330714636,226.24324468826273,1.000000000000131
15,15,225,34,32,2696,14814,OK,46.02280850293994,0.9581210331383865,identity,"(1, 3, 5)",0.25849541883012783,0.46557389435310936,0.05141694330714636,226.24324468826273,1.000000000000131
15,15,225,34,32,2688,14814,OK,46.02280850293994,0.9581210331383865,identity,"(1, 3, 6)",0.25849541883012783,0.46557389435310936,0.05141694330714636,226.24324468826273,1.000000000000131
15,15,225,35,38,2696,14814,OK,27.934429967942265,0.9784605395115765,identity,"(1, 3, 7)",0.2594739605933152,0.46557389435310936,0.053374026833521,222.34307368525208,1.0000000000001275
15,15,225,36,33,2688,14814,OK,51.781914492949,0.9562949301626548,identity,"(1, 3, 8)",0.284203890483701,0.46557389435310936,0.10283388661429267,205.66206399405473,1.0000000000001321
15,15,225,45,42,2688,14814,OK,31.870454303643214,0.9788639618129475,identity,"(1, 3, 9)",0.28735360813796657,0.46557389435310936,0.1091333219228238,199.76319712480972,1.000000000000132
15,15,225,34,32,2696,14812,OK,46.02280850293994,0.9581210331383865,identity,"(1, 4, 5)",0.25849541883012783,0.46557389435310936,0.05141694330714636,226.24324468826273,1.000000000000131
15,15,225,34,32,2672,14812,OK,46.02280850293994,0.9581210331383865,identity,"(1, 4, 6)",0.25849541883012783,0.46557389435310936,0.05141694330714636,226.24324468826273,1.000000000000131
15,15,225,35,38,2696,14812,OK,27.934429967942265,0.9784605395115765,identity,"(1, 4, 7)",0.2594739605933152,0.46557389435310936,0.053374026833521,222.34307368525208,1.0000000000001275
15,15,225,36,33,2672,14812,OK,51.781914492949,0.9562949301626548,identity,"(1, 4, 8)",0.284203890483701,0.46557389435310936,0.10283388661429267,205.66206399405473,1.0000000000001321
15,15,225,45,42,2672,14812,OK,31.870454303643214,0.9788639618129475,identity,"(1, 4, 9)",0.28735360813796657,0.46557389435310936,0.1091333219228238,199.76319712480972,1.000000000000132
15,15,225,34,32,2696,14814,OK,46.02280850293994,0.9581210331383865,identity,"(1, 5, 6)",0.25849541883012783,0.46557389435310936,0.05141694330714636,226.24324468826273,1.000000000000131
15,15,225,35,38,2696,14814,OK,27.934429967942265,0.9784605395115765,identity,"(1, 5, 7)",0.2594739605933152,0.46557389435310936,0.053374026833521,222.34307368525208,1.0000000000001275
15,15,225,36,33,2696,14814,OK,51.781914492949,0.9562949301626548,identity,"(1, 5, 8)",0.284203890483701,0.46557389435310936,0.10283388661429267,205.66206399405473,1.0000000000001321
15,15,225,45,42,2696,14814,OK,31.870454303643214,0.9788639618129475,identity,"(1, 5, 9)",0.28735360813796657,0.46557389435310936,0.1091333219228238,199.76319712480972,1.000000000000132
15,15,225,35,38,2696,14814,OK,27.934429967942265,0.9784605395115765,identity,"(1, 6, 7)",0.2594739605933152,0.46557389435310936,0.053374026833521,222.34307368525208,1.0000000000001275
15,15,225,36,33,2672,14814,OK,51.781914492949,0.9562949301626548,identity,"(1, 6, 8)",0.284203890483701,0.46557389435310936,0.10283388661429267,205.66206399405473,1.0000000000001321
15,15,225,45,42,2672,14814,OK,31.870454303643214,0.9788639618129475,identity,"(1, 6, 9)",0.28735360813796657,0.46557389435310936,0.1091333219228238,199.76319712480972,1.000000000000132
15,15,225,37,40,2696,14814,OK,29.53252499214898,0.9779408261104371,identity,"(1, 7, 8)",0.28518243224688833,0.46557389435310936,0.10479097014066731,202.06666723062483,1.0000000000001328
15,15,225,40,45,2696,14814,OK,31.220052190747083,0.9781007032403896,identity,"(1, 7, 9)",0.2883321499011539,0.46557389435310936,0.11109040544919843,196.84342888216122,1.0000000000001306
15,15,225,49,46,2672,14814,OK,31.870454303643214,0.9788639618129477,identity,"(1, 8, 9)",0.31306207979153977,0.46557389435310936,0.16055026522997012,181.75380398555774,1.0000000000001297
15,15,225,26,26,2686,14812,OK,106.66698534174657,0.8020183055023274,identity,"(2, 3, 4)",0.233765488939742,0.46557389435310936,0.0019570835263746453,247.85509242479975,1.0000000000001315
15,15,225,26,26,2696,14814,OK,106.66698534174657,0.8020183055023274,identity,"(2, 3, 5)",0.233765488939742,0.46557389435310936,0.0019570835263746453,247.85509242479975,1.0000000000001315
15,15,225,26,26,2686,14814,OK,106.66698534174657,0.8020183055023274,identity,"(2, 3, 6)",0.233765488939742,0.46557389435310936,0.0019570835263746453,247.85509242479975,1.0000000000001315
15,15,225,26,23,2696,14814,OK,104.01992929894277,0.8030626249760254,identity,"(2, 3, 7)",0.23474403070292932,0.46557389435310936,0.003914167052749291,244.24523114676333,1.0000000000001323
15,15,225,36,36,2686,14814,OK,29.068263305447317,0.9781335524780966,identity,"(2, 3, 8)",0.2594739605933151,0.46557389435310936,0.05337402683352096,224.9537484457278,1.0000000000001275
15,15,225,38,36,2686,14814,OK,33.0299463829391,0.9558504132451004,identity,"(2, 3, 9)",0.2626236782475807,0.46557389435310936,0.059673462142052075,221.09361992492893,1.0000000000001286
15,15,225,26,26,2696,14812,OK,106.66698534174657,0.8020183055023274,identity,"(2, 4, 5)",0.233765488939742,0.46557389435310936,0.0019570835263746453,247.85509242479975,1.0000000000001315
15,15,225,26,26,2654,14812,OK,106.66698534174657,0.8020183055023274,identity,"(2, 4, 6)",0.233765488939742,0.46557389435310936,0.0019570835263746453,247.85509242479975,1.0000000000001315
15,15,225,26,23,2696,14812,OK,104.01992929894277,0.8030626249760254,identity,"(2, 4, 7)",0.23474403070292932,0.46557389435310936,0.003914167052749291,244.24523114676333,1.0000000000001323
15,15,225,36,36,2654,14812,OK,29.068263305447317,0.9781335524780966,identity,"(2, 4, 8)",0.2594739605933151,0.46557389435310936,0.05337402683352096,224.9537484457278,1.0000000000001275
15,15,225,38,36,2654,14812,OK,33.0299463829391,0.9558504132451004,identity,"(2, 4, 9)",0.2626236782475807,0.46557389435310936,0.059673462142052075,221.09361992492893,1.0000000000001286
15,15,225,26,26,2696,14814,OK,106.66698534174657,0.8020183055023274,identity,"(2, 5, 6)",0.233765488939742,0.46557389435310936,0.0019570835263746453,247.85509242479975,1.0000000000001315
15,15,225,26,23,2696,14814,OK,104.01992929894277,0.8030626249760254,identity,"(2, 5, 7)",0.23474403070292932,0.46557389435310936,0.003914167052749291,244.24523114676333,1.0000000000001323
15,15,225,36,36,2696,14814,OK,29.068263305447317,0.9781335524780966,identity,"(2, 5, 8)",0.2594739605933151,0.46557389435310936,0.05337402683352096,224.9537484457278,1.0000000000001275
15,15,225,38,36,2696,14814,OK,33.0299463829391,0.9558504132451004,identity,"(2, 5, 9)",0.2626236782475807,0.46557389435310936,0.059673462142052075,221.09361992492893,1.0000000000001286
15,15,225,26,23,2696,14814,OK,104.01992929894277,0.8030626249760254,identity,"(2, 6, 7)",0.23474403070292932,0.46557389435310936,0.003914167052749291,244.24523114676333,1.0000000000001323
15,15,225,36,36,2654,14814,OK,29.068263305447317,0.9781335524780966,identity,"(2, 6, 8)",0.2594739605933151,0.46557389435310936,0.05337402683352096,224.9537484457278,1.0000000000001275
15,15,225,38,36,2654,14814,OK,33.0299463829391,0.9558504132451004,identity,"(2, 6, 9)",0.2626236782475807,0.46557389435310936,0.059673462142052075,221.09361992492893,1.0000000000001286
15,15,225,36,37,2696,14814,OK,25.222162771839862,0.9802140099837235,identity,"(2, 7, 8)",0.26045250235650247,0.46557389435310936,0.0553311103598956,221.64850201534136,1.000000000000129
15,15,225,40,40,2696,14814,OK,51.57122019664939,0.9394902763932315,identity,"(2, 7, 9)",0.26360222001076805,0.46557389435310936,0.061630545668426726,218.4791036838476,1.0000000000001248
15,15,225,39,40,2654,14814,OK,33.36606662193731,0.9765678292215162,identity,"(2, 8, 9)",0.28833214990115386,0.46557389435310936,0.11109040544919838,200.8592187391116,1.0000000000001308
15,15,225,21,20,2696,14812,OK,113.99971569494483,0.7962485851786193,identity,"(3, 4, 5)",0.23278694717655468,0.46557389435310936,4.1123931627165904e-67,251.87747738830524,1.0000000000001328
15,15,225,21,20,2686,14812,OK,113.99971569494483,0.7962485851786193,identity,"(3, 4, 6)",0.23278694717655468,0.46557389435310936,2.2505177040249822e-66,251.87747738830524,1.0000000000001328
15,15,225,26,27,2696,14812,OK,106.66698534184604,0.8020183055023276,identity,"(3, 4, 7)",0.233765488939742,0.46557389435310936,0.0019570835263746453,248.20147582488516,1.000000000000134
15,15,225,32,31,2686,14812,OK,46.02280850293994,0.9581210331383865,identity,"(3, 4, 8)",0.25849541883012783,0.46557389435310936,0.05141694330714631,229.2616047512297,1.0000000000001297
15,15,225,38,34,2686,14812,OK,31.870454303643214,0.9788639618129475,identity,"(3, 4, 9)",0.26164513648439336,0.46557389435310936,0.057716378615677424,225.35157528905359,1.0000000000001275
15,15,225,21,20,2696,14814,OK,113.99971569494483,0.7962485851786193,identity,"(3, 5, 6)",0.23278694717655468,0.46557389435310936,2.607619655227535e-66,251.87747738830524,1.0000000000001328
15,15,225,26,27,2696,14814,OK,106.66698534184604,0.8020183055023276,identity,"(3, 5, 7)",0.233765488939742,0.46557389435310936,0.0019570835263746453,248.20147582488516,1.000000000000134
15,15,225,32,31,2696,14814,OK,46.02280850293994,0.9581210331383865,identity,"(3, 5, 8)",0.25849541883012783,0.46557389435310936,0.05141694330714631,229.2616047512297,1.0000000000001297
15,15,225,38,34,2696,14814,OK,31.870454303643214,0.9788639618129475,identity,"(3, 5, 9)",0.26164513648439336,0.46557389435310936,0.057716378615677424,225.35157528905359,1.0000000000001275
15,15,225,26,27,2696,14814,OK,106.66698534184604,0.8020183055023276,identity,"(3, 6, 7)",0.233765488939742,0.46557389435310936,0.0019570835263746453,248.20147582488516,1.000000000000134
15,15,225,32,31,2686,14814,OK,46.02280850293994,0.9581210331383865,identity,"(3, 6, 8)",0.25849541883012783,0.46557389435310936,0.05141694330714631,229.2616047512297,1.0000000000001297
15,15,225,38,34,2686,14814,OK,31.870454303643214,0.9788639618129475,identity,"(3, 6, 9)",0.26164513648439336,0.46557389435310936,0.057716378615677424,225.35157528905359,1.0000000000001275
15,15,225,38,34,2696,14814,OK,27.133941327647904,0.9788648172146903,identity,"(3, 7, 8)",0.2594739605933151,0.46557389435310936,0.05337402683352096,225.89050181281323,1.0000000000001301
15,15,225,40,38,2696,14814,OK,51.57122019664939,0.9394902763932315,identity,"(3, 7, 9)",0.2626236782475807,0.46557389435310936,0.059673462142052075,222.66688074347485,1.0000000000001257
15,15,225,44,43,2686,14814,OK,31.870454303643214,0.9788639618129477,identity,"(3, 8, 9)",0.28735360813796657,0.46557389435310936,0.10913332192282374,205.37821239115317,1.0000000000001283
15,15,225,21,20,2696,14812,OK,113.99971569494483,0.7962485851786193,identity,"(4, 5, 6)",0.23278694717655468,0.46557389435310936,2.562814274592062e-66,251.87747738830524,1.0000000000001328
15,15,225,26,27,2696,14812,OK,106.66698534184604,0.8020183055023276,identity,"(4, 5, 7)",0.233765488939742,0.46557389435310936,0.0019570835263746453,248.20147582488516,1.000000000000134
15,15,225,32,31,2696,14812,OK,46.02280850293994,0.9581210331383865,identity,"(4, 5, 8)",0.25849541883012783,0.46557389435310936,0.05141694330714631,229.2616047512297,1.0000000000001297
15,15,225,38,34,2696,14812,OK,31.870454303643214,0.9788639618129475,identity,"(4, 5, 9)",0.26164513648439336,0.46557389435310936,0.057716378615677424,225.35157528905359,1.0000000000001275
15,15,225,26,27,2696,14812,OK,106.66698534184604,0.8020183055023276,identity,"(4, 6, 7)",0.233765488939742,0.46557389435310936,0.0019570835263746453,248.20147582488516,1.000000000000134
15,15,225,32,31,2654,14812,OK,46.02280850293994,0.9581210331383865,identity,"(4, 6, 8)",0.25849541883012783,0.46557389435310936,0.05141694330714631,229.2616047512297,1.0000000000001297
15,15,225,38,34,2654,14812,OK,31.870454303643214,0.9788639618129475,identity,"(4, 6, 9)",0.26164513648439336,0.46557389435310936,0.057716378615677424,225.35157528905359,1.0000000000001275
15,15,225,38,34,2696,14812,OK,27.133941327647904,0.9788648172146903,identity,"(4, 7, 8)",0.2594739605933151,0.46557389435310936,0.05337402683352096,225.89050181281323,1.0000000000001301
15,15,225,40,38,2696,14812,OK,51.57122019664939,0.9394902763932315,identity,"(4, 7, 9)",0.2626236782475807,0.46557389435310936,0.059673462142052075,222.66688074347485,1.0000000000001257
15,15,225,44,43,2654,14812,OK,31.870454303643214,0.9788639618129477,identity,"(4, 8, 9)",0.28735360813796657,0.46557389435310936,0.10913332192282374,205.37821239115317,1.0000000000001283
15,15,225,26,27,2696,14814,OK,106.66698534184604,0.8020183055023276,identity,"(5, 6, 7)",0.233765488939742,0.46557389435310936,0.0019570835263746453,248.20147582488516,1.000000000000134
15,15,225,32,31,2696,14814,OK,46.02280850293994,0.9581210331383865,identity,"(5, 6, 8)",0.25849541883012783,0.46557389435310936,0.05141694330714631,229.2616047512297,1.0000000000001297
15,15,225,38,34,2696,14814,OK,31.870454303643214,0.9788639618129475,identity,"(5, 6, 9)",0.26164513648439336,0.46557389435310936,0.057716378615677424,225.35157528905359,1.0000000000001275
15,15,225,38,34,2696,14814,OK,27.133941327647904,0.9788648172146903,identity,"(5, 7, 8)",0.2594739605933151,0.46557389435310936,0.05337402683352096,225.89050181281323,1.0000000000001301
15,15,225,40,38,2696,14814,OK,51.57122019664939,0.9394902763932315,identity,"(5, 7, 9)",0.2626236782475807,0.46557389435310936,0.059673462142052075,222.66688074347485,1.0000000000001257
15,15,225,44,43,2696,14814,OK,31.870454303643214,0.9788639618129477,identity,"(5, 8, 9)",0.28735360813796657,0.46557389435310936,0.10913332192282374,205.37821239115317,1.0000000000001283
15,15,225,38,34,2696,14814,OK,27.133941327647904,0.9788648172146903,identity,"(6, 7, 8)",0.2594739605933151,0.46557389435310936,0.05337402683352096,225.89050181281323,1.0000000000001301
15,15,225,40,38,2696,14814,OK,51.57122019664939,0.9394902763932315,identity,"(6, 7, 9)",0.2626236782475807,0.46557389435310936,0.059673462142052075,222.66688074347485,1.0000000000001257
15,15,225,44,43,2654,14814,OK,31.870454303643214,0.9788639618129477,identity,"(6, 8, 9)",0.28735360813796657,0.46557389435310936,0.10913332192282374,205.37821239115317,1.0000000000001283
15,15,225,43,42,2696,14814,OK,29.259903314340363,0.9788515552522662,identity,"(7, 8, 9)",0.28833214990115386,0.46557389435310936,0.11109040544919838,202.97158975022,1.0000000000001308
