ordering,kind,perm,seed,dim,err_sub_mHa,retained_J,captured,n_unique,top1
identity,named,0123456789,2026,225,31.870454303643214,0.28735360813796657,0.9788639618129475,136,0.978058
identity,named,0123456789,7,225,31.870454303643214,0.28735360813796657,0.9788639618129475,143,0.978091
reverse,named,9876543210,2026,225,31.870454303643214,0.28735360813796657,0.9788639618129477,159,0.977645
reverse,named,9876543210,7,225,31.870454303643214,0.28735360813796657,0.9788639618129477,157,0.977664
max_retainedJ,named,2810974536,2026,225,44.32014149094243,0.319515255718449,0.966754661228433,134,0.981628
max_retainedJ,named,2810974536,7,225,44.32014149094243,0.319515255718449,0.966754661228433,131,0.981661
max_captured_ORACLE,named,1749023586,2026,225,24.26703865324953,0.2661201990928504,0.9831497139805823,161,0.967014
max_captured_ORACLE,named,1749023586,7,225,24.26703865324953,0.2661201990928504,0.9831497139805823,161,0.967264
r000,random,0214985367,2026,225,46.56101398964552,0.23826158134027667,0.9659792814594121,158,0.976492
r000,random,0214985367,7,225,46.56101398964552,0.23826158134027667,0.9659792814594121,146,0.976563
r001,random,2815690473,2026,225,54.92247062583999,0.23061256689966375,0.9334801605062695,58,0.992595
r001,random,2815690473,7,225,54.92247062583999,0.23061256689966375,0.9334801605062695,55,0.992621
r002,random,4638592710,2026,225,72.12048962684037,0.20821075790454702,0.9415751108659167,109,0.981663
r002,random,4638592710,7,225,72.12048962684037,0.20821075790454702,0.9415751108659167,104,0.98169
r003,random,1497852360,2026,225,44.41642877804952,0.17954563116933434,0.965053979900405,128,0.977288
r003,random,1497852360,7,225,44.41642877804952,0.17954563116933434,0.965053979900405,130,0.97732
r004,random,0279863154,2026,225,57.92927856803942,0.23724371762284138,0.9581892860733795,168,0.970999
r004,random,0279863154,7,225,37.69170475914052,0.23724371762284138,0.9581892860733795,161,0.971025
r005,random,7498351260,2026,225,48.35950532704203,0.17291721807606383,0.939421458443877,85,0.990008
r005,random,7498351260,7,225,51.69630671363734,0.17291721807606383,0.939421458443877,84,0.990114
r006,random,7840931256,2026,225,55.482046597944645,0.21550702713843575,0.935170321002877,122,0.983278
r006,random,7840931256,7,225,55.482046597944645,0.21550702713843575,0.935170321002877,139,0.983357
r007,random,5601328497,2026,225,44.32014149094243,0.2094033920324379,0.966754661228433,135,0.982752
r007,random,5601328497,7,225,44.08318695864466,0.2094033920324379,0.966754661228433,132,0.982808
r008,random,5824317906,2026,225,53.456798070243394,0.22313501178697107,0.9352755300970957,130,0.984779
r008,random,5824317906,7,225,57.21219711584524,0.22313501178697107,0.9352755300970957,130,0.98482
r009,random,9180657243,2026,225,31.870454303643214,0.2981556513153804,0.9788639618129474,123,0.986579
r009,random,9180657243,7,225,31.870454303643214,0.2981556513153804,0.9788639618129474,112,0.986606
r010,random,0941768253,2026,225,55.482046597944645,0.21550702713843578,0.9351703210028771,127,0.984395
r010,random,0941768253,7,225,55.482046597944645,0.21550702713843578,0.9351703210028771,114,0.984415
r011,random,4923601587,2026,225,21.654647891949708,0.20625367437817235,0.9823124393334214,115,0.984948
r011,random,4923601587,7,225,21.654647891949708,0.20625367437817235,0.9823124393334214,116,0.984994
r012,random,2957430168,2026,225,51.69630671363734,0.17309198848651955,0.9394214584438768,90,0.987473
r012,random,2957430168,7,225,51.69630671363734,0.17309198848651955,0.9394214584438768,90,0.987505
r013,random,1726835490,2026,225,31.307073886935655,0.2594707562075025,0.9762021976868118,152,0.966001
r013,random,1726835490,7,225,31.307073886935655,0.2594707562075025,0.9762021976868118,152,0.966219
r014,random,8345709126,2026,225,24.333033392636594,0.2659271365202244,0.965053979900405,155,0.979862
r014,random,8345709126,7,225,44.416428777935835,0.2659271365202244,0.965053979900405,161,0.979896
r015,random,1428750963,2026,225,47.60473525284681,0.21235730948417023,0.960926655207693,145,0.981758
r015,random,1428750963,7,225,47.60473525284681,0.21235730948417023,0.960926655207693,127,0.981797
r016,random,6451380927,2026,225,44.416428777935835,0.2327654506285716,0.965053979900405,90,0.990456
r016,random,6451380927,7,225,29.532524992049503,0.2327654506285716,0.965053979900405,85,0.990519
r017,random,1549632870,2026,225,50.520949364340595,0.16324745728021547,0.9616570316585733,142,0.98176
r017,random,1549632870,7,225,50.520949364340595,0.16324745728021547,0.9616570316585733,149,0.981798
r018,random,5946217038,2026,225,103.30311883573984,0.13753898562664227,0.8449034091971127,94,0.983622
r018,random,5946217038,7,225,103.30311883573984,0.13753898562664227,0.8449034091971127,93,0.983656
r019,random,9743061528,2026,225,44.32014149094243,0.18682360824105274,0.966754661228433,147,0.977232
r019,random,9743061528,7,225,44.32014149094243,0.18682360824105274,0.966754661228433,138,0.977284
r020,random,8724615390,2026,225,53.750813935437236,0.23376228455392925,0.9620023579000733,145,0.973865
r020,random,8724615390,7,225,49.22033479513743,0.23376228455392925,0.9620023579000733,149,0.974022
r021,random,4698501327,2026,225,103.7849887429445,0.21885906046358275,0.8036495659782102,56,0.993394
r021,random,4698501327,7,225,103.7849887429445,0.21885906046358275,0.8036495659782102,55,0.993425
r022,random,4951072386,2026,225,46.56101398964552,0.22863719121111875,0.9659792814594121,135,0.975874
r022,random,4951072386,7,225,46.56101398964552,0.22863719121111875,0.9659792814594121,146,0.975972
r023,random,8279065143,2026,225,44.08318695864466,0.24236881096565197,0.9659647090422337,161,0.978932
r023,random,8279065143,7,225,44.49211975874334,0.24236881096565197,0.9659647090422337,141,0.979006
r024,random,9851426730,2026,225,49.22033479513743,0.19236510961944825,0.9620023579000732,154,0.973567
r024,random,9851426730,7,225,49.22033479513743,0.19236510961944825,0.9620023579000732,145,0.973696
r025,random,3048251697,2026,225,51.571220196535705,0.15796541893321406,0.9394902763932311,125,0.983151
r025,random,3048251697,7,225,51.571220196535705,0.15796541893321406,0.9394902763932311,130,0.983221
r026,random,9271865043,2026,225,53.456798070243394,0.23606937565712086,0.9622303894996779,141,0.975078
r026,random,9271865043,7,225,50.983597491949695,0.23606937565712086,0.9622303894996779,149,0.975188
r027,random,6150294738,2026,225,120.18031709634158,0.12928200003583104,0.8473286705237688,58,0.991059
r027,random,6150294738,7,225,125.40912844984575,0.12928200003583104,0.8473286705237688,54,0.991113
r028,random,3759082146,2026,225,37.461073368746156,0.26694500023765955,0.9726632618918942,132,0.980991
r028,random,3759082146,7,225,37.461073368746156,0.26694500023765955,0.9726632618918942,117,0.981034
r029,random,7258614039,2026,81,215.935654925147,0.11402603073876035,0.8421637265189896,25,0.99473
r029,random,7258614039,7,90,196.3619656533382,0.11402603073876035,0.8421637265189896,28,0.994738
r030,random,5701329648,2026,225,75.87376258564404,0.18071997313505495,0.9148523085428775,88,0.987288
r030,random,5701329648,7,225,69.17908262023786,0.18071997313505495,0.9148523085428775,93,0.987265
r031,random,8493021756,2026,225,44.9164590125406,0.19112710482486686,0.9665290386112734,195,0.969009
r031,random,8493021756,7,225,44.9164590125406,0.19112710482486686,0.9665290386112734,181,0.969138
r032,random,9172483560,2026,225,43.769448361544505,0.2027539491470899,0.9762021976868118,127,0.983156
r032,random,9172483560,7,225,31.307073886935655,0.2027539491470899,0.9762021976868118,124,0.983225
r033,random,3964175820,2026,225,49.765962458337754,0.16324745728021545,0.9651212314269845,140,0.985126
r033,random,3964175820,7,225,44.673956369436496,0.16324745728021545,0.9651212314269845,132,0.985146
r034,random,6542307819,2026,225,48.91086234493969,0.2576706176853187,0.9579916591064588,95,0.989873
r034,random,6542307819,7,225,49.68586330053881,0.2576706176853187,0.9579916591064588,95,0.990006
r035,random,2158903674,2026,225,49.22033479513743,0.26047032776276724,0.962002357900073,162,0.975297
r035,random,2158903674,7,225,49.22033479513743,0.26047032776276724,0.962002357900073,167,0.975416
r036,random,4936781025,2026,225,51.69630671363734,0.23391922955812017,0.9394214584438769,93,0.988658
r036,random,4936781025,7,225,51.69630671363734,0.23391922955812017,0.9394214584438769,96,0.988695
r037,random,0567832491,2026,225,38.88629113924935,0.25536352658212713,0.9707238680482774,209,0.953094
r037,random,0567832491,7,225,36.133716375346125,0.25536352658212713,0.9707238680482774,194,0.953064
r038,random,9731402568,2026,225,56.472023510337976,0.15716164758048246,0.9581838695707242,110,0.985144
r038,random,9731402568,7,225,56.472023510337976,0.15716164758048246,0.9581838695707242,115,0.985163
r039,random,0914723658,2026,225,49.22033479513743,0.2530171135246877,0.9620023579000732,135,0.975494
r039,random,0914723658,7,225,49.22033479513743,0.2530171135246877,0.9620023579000732,155,0.975593
r040,random,0587391426,2026,225,49.22033479513743,0.20177540738390254,0.9620023579000733,147,0.973354
r040,random,0587391426,7,225,49.22033479513743,0.20177540738390254,0.9620023579000733,151,0.973482
r041,random,1078563924,2026,225,53.19571574693782,0.21583874255308233,0.9613159465939567,146,0.979637
r041,random,1078563924,7,225,52.82828631693803,0.21583874255308233,0.9613159465939567,132,0.979683
r042,random,9183752640,2026,225,49.22033479513743,0.2447605946897819,0.9620023579000732,115,0.987393
r042,random,9183752640,7,225,49.22033479513743,0.2447605946897819,0.9620023579000732,117,0.987402
r043,random,4293085176,2026,225,44.08318695864466,0.21038193379562523,0.9659647090422339,111,0.989459
r043,random,4293085176,7,225,44.08318695864466,0.21038193379562523,0.9659647090422339,110,0.989573
r044,random,9680475321,2026,225,48.08456878863865,0.20177540738390254,0.9762021976868117,162,0.973146
r044,random,9680475321,7,225,48.084568788738125,0.20177540738390254,0.9762021976868117,157,0.973262
r045,random,3059142786,2026,225,37.4275159622357,0.22531270314639748,0.9709023194917986,140,0.973851
r045,random,3059142786,7,225,37.4275159622357,0.22531270314639748,0.9709023194917986,143,0.974017
r046,random,8762301549,2026,225,21.654647891949708,0.1976471479664497,0.9823124393334213,104,0.988614
r046,random,8762301549,7,225,38.688189150647645,0.1976471479664497,0.9823124393334213,104,0.98865
r047,random,6923514870,2026,225,103.30311883564036,0.13771375603709798,0.8449034091971122,84,0.989042
r047,random,6923514870,7,225,103.30311883564036,0.13771375603709798,0.8449034091971122,81,0.989135
r048,random,4135628907,2026,225,46.56101398964552,0.2671197706481154,0.9625038249610784,100,0.989646
r048,random,4135628907,7,225,46.56101398964552,0.2671197706481154,0.9625038249610784,94,0.989758
r049,random,0521648739,2026,225,59.1661704662414,0.156812106759571,0.957474216083312,115,0.984908
r049,random,0521648739,7,225,59.1661704662414,0.156812106759571,0.957474216083312,116,0.984953
r050,random,9537102468,2026,225,50.369107233848354,0.23511186368601109,0.9620186330560142,147,0.976893
r050,random,9537102468,7,225,50.63877690564311,0.23511186368601109,0.9620186330560142,152,0.976979
r051,random,3801246795,2026,225,38.88629113924935,0.2627984486580364,0.9707238680482775,153,0.968448
r051,random,3801246795,7,225,38.88629113924935,0.2627984486580364,0.9707238680482775,159,0.968617
r052,random,0423871956,2026,225,37.64002782114062,0.23493709327555534,0.973486996530022,224,0.952198
r052,random,0423871956,7,225,37.64002782114062,0.23493709327555534,0.973486996530022,212,0.952175
r053,random,1704259863,2026,225,47.351690524138235,0.20723221614135967,0.9656912735808332,142,0.979066
r053,random,1704259863,7,225,40.85990977564791,0.20723221614135967,0.9656912735808332,144,0.979154
r054,random,1503279684,2026,225,57.11591743524025,0.17404950045762935,0.9563624112870663,98,0.980886
r054,random,1503279684,7,225,57.11591743524025,0.17404950045762935,0.9563624112870663,92,0.980967
r055,random,9426385701,2026,225,46.56101398964552,0.2298298253390097,0.965979281459412,154,0.975289
r055,random,9426385701,7,225,46.56101398964552,0.2298298253390097,0.965979281459412,150,0.975406
r056,random,3870129546,2026,225,70.04869378124567,0.223291956791162,0.9404959267573246,148,0.973543
r056,random,3870129546,7,225,70.04869378124567,0.223291956791162,0.9404959267573246,140,0.97366
r057,random,8304196752,2026,225,49.74748074573654,0.21492386361875584,0.9570155385460307,118,0.976669
r057,random,8304196752,7,225,49.74748074573654,0.21492386361875584,0.9570155385460307,125,0.976747
r058,random,5486730192,2026,225,45.6867853088454,0.2543666926567695,0.9620023579000732,119,0.984646
r058,random,5486730192,7,225,49.22033479513743,0.2543666926567695,0.9620023579000732,124,0.984686
r059,random,1389540267,2026,225,47.35169052403876,0.19782191837690546,0.9659104635100575,104,0.989225
r059,random,1389540267,7,225,44.901874159435806,0.19782191837690546,0.9659104635100575,89,0.989331
r060,random,6930814527,2026,225,49.91096733014899,0.243567960561891,0.9650539799004049,106,0.987997
r060,random,6930814527,7,225,48.2216257276491,0.243567960561891,0.9650539799004049,105,0.988014
r061,random,6203857914,2026,225,68.59296389664848,0.23213691644220125,0.9570303484158507,132,0.974861
r061,random,6203857914,7,225,49.97805647293774,0.23213691644220125,0.9570303484158507,127,0.974973
r062,random,7528496013,2026,225,49.841688608239565,0.198625689729637,0.9601808996164154,128,0.970824
r062,random,7528496013,7,225,49.841688608239565,0.198625689729637,0.9601808996164154,139,0.970875
r063,random,3572416809,2026,225,49.22033479513743,0.25203857176150035,0.962002357900073,110,0.988509
r063,random,3572416809,7,225,49.316276580441354,0.25203857176150035,0.962002357900073,110,0.988543
r064,random,9830651274,2026,225,49.22033479513743,0.20373249091027718,0.9620023579000733,150,0.976805
r064,random,9830651274,7,225,49.22033479513743,0.20373249091027718,0.9620023579000733,152,0.976897
r065,random,3687524901,2026,225,49.22033479513743,0.25851324423639266,0.9620023579000733,139,0.978562
r065,random,3687524901,7,225,49.22033479513743,0.25851324423639266,0.9620023579000733,149,0.978632
r066,random,1275948630,2026,225,50.25671417534738,0.1760459059382519,0.9616535966852903,151,0.976273
r066,random,1275948630,7,225,50.25671417534738,0.1760459059382519,0.9616535966852903,157,0.976366
r067,random,2479803561,2026,225,56.47202351043745,0.2512169750025039,0.9581838695707241,145,0.967224
r067,random,2479803561,7,225,56.47202351043745,0.2512169750025039,0.9581838695707241,146,0.967434
r068,random,0974386215,2026,225,53.456798070243394,0.2404117274392773,0.9622303894996779,157,0.975102
r068,random,0974386215,7,225,53.538773553242436,0.2404117274392773,0.9622303894996779,130,0.97521
r069,random,3870549612,2026,225,49.765962458337754,0.16226891551702816,0.9606853950121291,143,0.982568
r069,random,3870549612,7,225,53.196354104443344,0.16226891551702816,0.9606853950121291,139,0.982581
r070,random,6890731254,2026,225,49.72099952954068,0.23924012310346396,0.939421458443877,105,0.986586
r070,random,6890731254,7,225,52.089836552838165,0.23924012310346396,0.939421458443877,106,0.986609
r071,random,9827413560,2026,225,49.22033479513743,0.20275394914708988,0.962002357900073,141,0.977794
r071,random,9827413560,7,225,49.22033479513743,0.20275394914708988,0.962002357900073,151,0.977814
r072,random,3492586071,2026,225,108.51703165573667,0.13771375603709798,0.8424444284932219,67,0.9901
r072,random,3492586071,7,225,108.51703165573667,0.13771375603709798,0.8424444284932219,74,0.990196
r073,random,5317492608,2026,225,46.56101398964552,0.20940339203243788,0.965979281459412,105,0.990392
r073,random,5317492608,7,225,46.56101398964552,0.20940339203243788,0.965979281459412,99,0.990468
r074,random,1698472035,2026,225,47.35169052403876,0.19977900190328007,0.9659104635100575,105,0.989231
r074,random,1698472035,7,225,44.901874159435806,0.19977900190328007,0.9659104635100575,95,0.989332
r075,random,5927634180,2026,225,44.664896552149,0.25119594521042643,0.9650539799004048,99,0.989214
r075,random,5927634180,7,225,44.664896552149,0.25119594521042643,0.9650539799004048,95,0.989322
r076,random,9053124876,2026,225,56.47202351043745,0.24121549879200896,0.958183869570724,146,0.97412
r076,random,9053124876,7,225,56.47202351043745,0.24121549879200896,0.958183869570724,160,0.97426
r077,random,2053819746,2026,225,30.054720210642927,0.2588239298589617,0.9779556359802571,150,0.974448
r077,random,2053819746,7,225,30.054720210642927,0.2588239298589617,0.9779556359802571,154,0.97455
r078,random,0763491825,2026,225,46.56101398964552,0.2617988771027716,0.9659792814594119,124,0.978001
r078,random,0763491825,7,225,46.56101398964552,0.2617988771027716,0.9659792814594119,135,0.978018
r079,random,5478601932,2026,225,42.75413526593752,0.22435519117528777,0.9497102292076094,94,0.982981
r079,random,5478601932,7,225,38.23844785614483,0.22435519117528777,0.9497102292076094,90,0.983029
r080,random,9385607241,2026,225,50.25671417534738,0.1505122046951344,0.9616535966852902,110,0.983425
r080,random,9385607241,7,225,50.25671417534738,0.1505122046951344,0.9616535966852902,112,0.983489
r081,random,3268501974,2026,225,60.6186482861375,0.22550850334893074,0.9209150050244249,106,0.984561
r081,random,3268501974,7,225,56.546227540636096,0.22550850334893074,0.9209150050244249,101,0.984603
r082,random,9324576018,2026,225,39.53086646873771,0.26949052458016776,0.972737887074901,144,0.973328
r082,random,9324576018,7,225,39.53086646873771,0.26949052458016776,0.972737887074901,148,0.973445
r083,random,1263907548,2026,225,46.56101398964552,0.24041172743927733,0.965979281459412,180,0.969152
r083,random,1263907548,7,225,46.56101398964552,0.24041172743927733,0.965979281459412,185,0.969295
r084,random,5301987462,2026,225,36.25995713814234,0.30562989534553764,0.9719932516140078,121,0.9832
r084,random,5301987462,7,225,36.25995713814234,0.30562989534553764,0.9719932516140078,133,0.983268
r085,random,4893072651,2026,225,46.56101398964552,0.20292871955754554,0.965979281459412,117,0.987609
r085,random,4893072651,7,225,46.56101398964552,0.20292871955754554,0.965979281459412,108,0.987621
r086,random,5687390214,2026,225,53.196354104443344,0.21998529413270557,0.9606853950121291,110,0.985459
r086,random,5687390214,7,225,53.196354104443344,0.21998529413270557,0.9606853950121291,111,0.985487
r087,random,2891306475,2026,225,29.14360076424316,0.2263122747016624,0.975273932714783,108,0.984015
r087,random,2891306475,7,225,29.14360076424316,0.2263122747016624,0.975273932714783,110,0.98404
r088,random,4521907836,2026,225,50.263429271041105,0.2755515266493823,0.9656912735808333,132,0.984281
r088,random,4521907836,7,225,44.79364034983746,0.2755515266493823,0.9656912735808333,132,0.984305
r089,random,3592018647,2026,225,50.25671417534738,0.2609951057500399,0.9616535966852902,165,0.965302
r089,random,3592018647,7,225,50.25671417534738,0.2609951057500399,0.9616535966852902,159,0.965504
r090,random,9186025743,2026,225,46.56101398964552,0.281246768646156,0.965979281459412,151,0.970365
r090,random,9186025743,7,225,46.56101398964552,0.281246768646156,0.965979281459412,168,0.97043
r091,random,5370481926,2026,225,53.609222645036425,0.2331154582053886,0.9606853950121291,100,0.986476
r091,random,5370481926,7,225,53.609222645036425,0.2331154582053886,0.9606853950121291,105,0.986485
r092,random,1564928307,2026,225,44.9164590125406,0.22016006454316125,0.9665290386112734,189,0.963805
r092,random,1564928307,7,225,44.9164590125406,0.22016006454316125,0.9665290386112734,194,0.963975
r093,random,7354618290,2026,225,51.571220196535705,0.26709874085603774,0.9394902763932313,122,0.986423
r093,random,7354618290,7,225,51.571220196535705,0.26709874085603774,0.9394902763932313,128,0.986433
r094,random,6024371895,2026,225,46.56101398964552,0.2608203353395842,0.965979281459412,160,0.970222
r094,random,6024371895,7,225,46.56101398964552,0.2608203353395842,0.965979281459412,168,0.970296
r095,random,7240539861,2026,225,59.75645297124288,0.16644254560117153,0.9361155811815899,98,0.986957
r095,random,7240539861,7,225,38.416211505335696,0.16644254560117153,0.9361155811815899,89,0.986945
r096,random,2354698107,2026,225,50.25671417534738,0.3057836359639159,0.9616535966852902,114,0.98738
r096,random,2354698107,7,225,31.307073886935655,0.3057836359639159,0.9616535966852902,128,0.987389
r097,random,3190746852,2026,225,43.703589818747446,0.23080836710219696,0.9779408261104372,93,0.990344
r097,random,3190746852,7,225,49.91096733014899,0.23080836710219696,0.9779408261104372,92,0.990413
r098,random,7031269854,2026,225,50.90298928433867,0.18250228625097387,0.9394214584438768,101,0.985656
r098,random,7031269854,7,225,51.69630671363734,0.18250228625097387,0.9394214584438768,113,0.985695
r099,random,6745901832,2026,225,49.22033479513743,0.30149843154227207,0.9620023579000732,119,0.98763
r099,random,6745901832,7,225,53.14949944144587,0.30149843154227207,0.9620023579000732,116,0.98764
r100,random,4398610752,2026,225,79.39364203863875,0.22452996158574345,0.8621808988402301,50,0.992471
r100,random,4398610752,7,225,78.78896764894705,0.22452996158574345,0.8621808988402301,54,0.99251
r101,random,5480921376,2026,225,53.14949944144587,0.26809831241130266,0.962002357900073,134,0.978232
r101,random,5480921376,7,225,47.82972858114931,0.26809831241130266,0.962002357900073,140,0.978293
r102,random,2174309568,2026,225,173.22975123593665,0.18664883783059708,0.7815474166828627,69,0.98832
r102,random,2174309568,7,225,173.22975123593665,0.18664883783059708,0.7815474166828627,70,0.988349
r103,random,7196403285,2026,225,35.044882817544476,0.20705744573090396,0.9717458555731512,161,0.973611
r103,random,7196403285,7,225,35.044882817544476,0.20705744573090396,0.9717458555731512,152,0.97374
r104,random,8460275319,2026,225,32.43364529834025,0.2264660153200406,0.9770425035292897,139,0.972051
r104,random,8460275319,7,225,46.69339878604717,0.2264660153200406,0.9770425035292897,140,0.972132
r105,random,6207138459,2026,225,44.673956369436496,0.16244368592748387,0.9651212314269847,142,0.983068
r105,random,6207138459,7,225,44.673956369436496,0.16244368592748387,0.9651212314269847,143,0.983112
r106,random,6804713259,2026,225,70.78854089174058,0.1729172180760639,0.890344182356144,84,0.98833
r106,random,6804713259,7,225,70.78854089174058,0.1729172180760639,0.890344182356144,89,0.988373
r107,random,6894712035,2026,225,87.55782949783963,0.1899555004890534,0.8730887512578355,109,0.983035
r107,random,6894712035,7,225,98.4176536564405,0.1899555004890534,0.8730887512578355,116,0.98309
r108,random,6470123859,2026,225,47.22902762544834,0.20625367437817238,0.981414116752274,137,0.96944
r108,random,6470123859,7,225,41.46906988174237,0.20625367437817238,0.981414116752274,143,0.969555
r109,random,0185236749,2026,225,50.98135222424105,0.24476059468978187,0.9620023579000733,140,0.97442
r109,random,0185236749,7,225,49.316276580441354,0.24476059468978187,0.9620023579000733,134,0.974521
r110,random,0392741586,2026,225,49.22033479513743,0.17719921811189487,0.9620023579000732,152,0.973769
r110,random,0392741586,7,225,49.22033479513743,0.17719921811189487,0.9620023579000732,147,0.973924
r111,random,8130279456,2026,225,56.40036961204942,0.2083644985229252,0.9564937090741166,111,0.985992
r111,random,8130279456,7,225,56.40036961204942,0.2083644985229252,0.9564937090741166,99,0.985976
r112,random,8609143275,2026,225,37.4275159622357,0.2755758675239953,0.9709023194917988,131,0.977009
r112,random,8609143275,7,225,37.4275159622357,0.2755758675239953,0.9709023194917988,124,0.977063
r113,random,8691534270,2026,225,29.532524992049503,0.20075754366646736,0.9779408261104372,132,0.978368
r113,random,8691534270,7,225,29.532524992049503,0.20075754366646736,0.9779408261104372,140,0.978418
r114,random,7259348601,2026,225,49.22033479513743,0.19530073490901026,0.9620023579000732,157,0.975069
r114,random,7259348601,7,225,49.22033479513743,0.19530073490901026,0.9620023579000732,138,0.975177
r115,random,9830465172,2026,225,49.22033479513743,0.20373249091027718,0.9620023579000732,167,0.967395
r115,random,9830465172,7,225,49.22033479513743,0.20373249091027718,0.9620023579000732,168,0.967597
r116,random,9140756328,2026,225,44.08318695864466,0.21136047555881257,0.9659647090422337,122,0.988059
r116,random,9140756328,7,225,44.08318695864466,0.21136047555881257,0.9659647090422337,112,0.98808
r117,random,9261735084,2026,225,53.14949944134639,0.2360904054491984,0.9625038249610786,157,0.971516
r117,random,9261735084,7,225,53.02722568754348,0.2360904054491984,0.9625038249610786,156,0.971616
r118,random,3476810952,2026,225,68.03109627944082,0.29834871388800643,0.9415751108659167,90,0.988882
r118,random,3476810952,7,225,72.07793898163573,0.29834871388800643,0.9415751108659167,104,0.988945
r119,random,6402391587,2026,225,49.74748074573654,0.20625367437817235,0.9570155385460307,141,0.967057
r119,random,6402391587,7,225,49.74748074573654,0.20625367437817235,0.9570155385460307,140,0.967297
r120,random,6019587423,2026,225,45.79591142164929,0.22533373293847508,0.9456084343652743,95,0.983179
r120,random,6019587423,7,225,45.79591142164929,0.22533373293847508,0.9456084343652743,87,0.983246
r121,random,0961742538,2026,225,50.19501788403602,0.20707527113716884,0.9616535966852902,93,0.988038
r121,random,0961742538,7,225,49.22033479513743,0.20707527113716884,0.9616535966852902,95,0.988054
r122,random,6105379842,2026,225,77.72861370824558,0.22452996158574348,0.8700851971975259,58,0.992343
r122,random,6105379842,7,225,77.72861370824558,0.22452996158574348,0.8700851971975259,62,0.992385
r123,random,7354921860,2026,225,53.28085887263967,0.20938236224036036,0.9394902763932315,97,0.988717
r123,random,7354921860,7,225,51.571220196535705,0.20938236224036036,0.9394902763932315,112,0.988749
r124,random,0819372465,2026,225,48.28996822134002,0.2981556513153804,0.9788639618129474,117,0.986717
r124,random,0819372465,7,225,31.870454303643214,0.2981556513153804,0.9788639618129474,120,0.986729
r125,random,2160973485,2026,225,46.56101398964552,0.24139026920246456,0.965979281459412,161,0.977041
r125,random,2160973485,7,225,46.56101398964552,0.24139026920246456,0.965979281459412,156,0.977095
r126,random,6419058372,2026,225,49.22033479513743,0.2530171135246877,0.9620023579000732,136,0.975531
r126,random,6419058372,7,225,49.22033479513743,0.2530171135246877,0.9620023579000732,143,0.97562
r127,random,8790564213,2026,225,50.520949364340595,0.24569376578627872,0.9616570316585733,130,0.976524
r127,random,8790564213,7,225,50.520949364340595,0.24569376578627872,0.9616570316585733,128,0.976607
r128,random,3619254087,2026,225,33.07046402333924,0.2596487310037709,0.9690622759683827,111,0.982095
r128,random,3619254087,7,225,33.07046402343872,0.2596487310037709,0.9690622759683827,111,0.982108
r129,random,1684259073,2026,225,47.9864601918365,0.20507886565654632,0.9607340245100505,102,0.985412
r129,random,1684259073,7,225,47.9864601918365,0.20507886565654632,0.9607340245100505,107,0.985431
r130,random,6743021895,2026,225,46.56101398964552,0.28967852464742294,0.9659792814594121,155,0.976886
r130,random,6743021895,7,225,46.56101398964552,0.28967852464742294,0.9659792814594121,160,0.976974
r131,random,6859210347,2026,225,55.89933482563936,0.18152374448778652,0.9361155811815899,92,0.984119
r131,random,6859210347,7,225,59.86768272984477,0.18152374448778652,0.9361155811815899,98,0.984142
r132,random,7568941203,2026,225,46.56101398964552,0.23924012310346393,0.9659792814594121,156,0.976387
r132,random,7568941203,7,225,46.56101398964552,0.23924012310346393,0.9659792814594121,161,0.976471
r133,random,5610389472,2026,225,103.7849887429445,0.21885906046358278,0.8036495659782104,56,0.993272
r133,random,5610389472,7,225,103.7849887429445,0.21885906046358278,0.8036495659782104,57,0.993307
r134,random,8047193256,2026,225,39.37053437464044,0.27577213448243415,0.9701857421702867,101,0.980513
r134,random,8047193256,7,225,39.37053437464044,0.27577213448243415,0.9701857421702867,97,0.980557
r135,random,9304572618,2026,225,53.320642973744725,0.21903109324413128,0.9586843253266693,105,0.979077
r135,random,9304572618,7,225,53.320642973744725,0.21903109324413128,0.9586843253266693,111,0.979172
r136,random,3861504792,2026,225,55.48666294893678,0.15716164758048246,0.9351703210028772,114,0.98368
r136,random,3861504792,7,225,55.48666294893678,0.15716164758048246,0.9351703210028772,128,0.983722
r137,random,5876431902,2026,225,46.56101398964552,0.26711977064811526,0.965979281459412,149,0.96929
r137,random,5876431902,7,225,46.56101398964552,0.26711977064811526,0.965979281459412,140,0.969421
r138,random,1253786049,2026,225,56.40036961204942,0.15464093086849282,0.9564937090741166,117,0.985219
r138,random,1253786049,7,225,56.40036961204942,0.15464093086849282,0.9564937090741166,116,0.985237
r139,random,2630189457,2026,225,29.068263305447317,0.29402739189792754,0.9781335524780966,104,0.987708
r139,random,2630189457,7,225,29.068263305447317,0.29402739189792754,0.9781335524780966,106,0.987731
r140,random,1876254390,2026,225,49.22033479513743,0.28420068609788834,0.9620023579000732,134,0.977484
r140,random,1876254390,7,225,49.22033479513743,0.28420068609788834,0.9620023579000732,140,0.977516
r141,random,0973652481,2026,225,49.22033479513743,0.2833969147451567,0.9620023579000732,138,0.980873
r141,random,0973652481,7,225,49.22033479513743,0.2833969147451567,0.9620023579000732,131,0.980954
r142,random,1958302674,2026,225,53.302429073141866,0.19880046014009276,0.9616584872378486,106,0.9864
r142,random,1958302674,7,225,47.638158124740926,0.19880046014009276,0.9616584872378486,106,0.986405
r143,random,0259781436,2026,225,42.44816386403727,0.21798888865208307,0.965687559816941,142,0.982673
r143,random,0259781436,7,225,42.44816386403727,0.21798888865208307,0.965687559816941,142,0.982707
r144,random,3516409278,2026,225,52.74273879904001,0.18878069176742734,0.9248916384451578,76,0.989104
r144,random,3516409278,7,225,52.74798945593773,0.18878069176742734,0.9248916384451578,84,0.989206
r145,random,7069812435,2026,225,47.22902762544834,0.25864915944850597,0.9641578231757542,141,0.978022
r145,random,7069812435,7,225,47.22902762544834,0.25864915944850597,0.9641578231757542,145,0.978041
r146,random,7195426083,2026,225,34.13769957174395,0.2510422045920481,0.971082522472179,103,0.983785
r146,random,7195426083,7,225,36.51332102904803,0.2510422045920481,0.971082522472179,109,0.983827
r147,random,4871069523,2026,225,50.25671417534738,0.21020716338516948,0.9616535966852902,156,0.979559
r147,random,4871069523,7,225,50.25671417534738,0.21020716338516948,0.9616535966852902,147,0.979593
r148,random,6780541329,2026,225,70.78854089174058,0.18152374448778652,0.8903441823561442,83,0.989612
r148,random,6780541329,7,225,88.34855299274125,0.18152374448778652,0.8903441823561442,88,0.989723
r149,random,4571206893,2026,225,50.25671417534738,0.21881368979689209,0.9616535966852902,196,0.967532
r149,random,4571206893,7,225,48.654932869041545,0.21881368979689209,0.9616535966852902,189,0.967701
