ordering,triple,budget,status,err_mHa,captured,wall_s,dim
physical,"(1, 6, 8)",8,OK,321.50558309875345,0.4853192683090685,1.0953342914581299,64
physical,"(1, 4, 7)",8,OK,342.8333338056335,0.48232736998639003,1.1021668910980225,64
physical,"(2, 4, 6)",8,OK,464.87842575839977,0.38668644654538026,1.1029367446899414,64
physical,"(1, 6, 7)",8,OK,402.1997441166878,0.4230408323842088,1.1228950023651123,64
physical,"(0, 2, 7)",8,OK,342.05729985355936,0.48244908500245287,1.1288769245147705,64
physical,"(3, 6, 9)",8,OK,289.0969660028926,0.5460144781735354,1.1030778884887695,64
physical,"(1, 2, 6)",8,OK,402.3985509146222,0.4185344349139459,1.1039149761199951,64
physical,"(1, 5, 7)",8,OK,342.8333338056335,0.48232736998639003,1.1334500312805176,64
physical,"(0, 2, 9)",8,OK,288.98018483879275,0.545774122405571,1.1058030128479004,64
physical,"(5, 7, 9)",8,OK,289.0969660028926,0.5460144781735354,1.1006581783294678,64
physical,"(2, 3, 5)",8,OK,391.6721853306102,0.4415535574173932,1.0998311042785645,64
physical,"(0, 5, 7)",8,OK,398.9898890712702,0.427490647864815,1.139064073562622,64
physical,"(1, 5, 6)",8,OK,402.3985509146222,0.4185344349139459,1.1005580425262451,64
physical,"(0, 2, 6)",8,OK,335.7612477469232,0.493198050518436,1.1396129131317139,64
physical,"(5, 6, 7)",8,OK,465.40578251008304,0.38756932155163887,1.1015517711639404,64
physical,"(2, 6, 9)",8,OK,289.34652559804164,0.5462530526267657,1.1054201126098633,64
physical,"(1, 3, 5)",8,OK,282.1400937732719,0.5398384740773116,1.1046812534332275,64
physical,"(4, 6, 8)",8,OK,380.2747196467777,0.4382770964911073,1.1012277603149414,64
physical,"(0, 6, 7)",8,OK,398.9898890712702,0.427490647864815,1.1317048072814941,64
physical,"(2, 4, 7)",8,OK,394.26359618825035,0.43954162902131466,1.1074018478393555,64
physical,"(3, 4, 6)",8,OK,465.40578251008304,0.38756932155163887,1.1044518947601318,64
physical,"(0, 1, 9)",8,OK,330.22245548768313,0.5046032679833067,1.1000161170959473,64
physical,"(0, 3, 4)",8,OK,342.05729985355936,0.48244908500245287,1.1051280498504639,64
physical,"(3, 8, 9)",8,OK,332.2465298611652,0.4839780536067632,1.1048083305358887,64
physical,"(5, 6, 8)",8,OK,380.2747196467777,0.4382770964911073,1.104058027267456,64
physical,"(0, 5, 6)",8,OK,342.05729985355936,0.4824490850024528,1.1039648056030273,64
physical,"(2, 3, 9)",8,OK,289.34652559804164,0.5462530526267657,1.1017370223999023,64
physical,"(0, 4, 8)",8,OK,342.5750238053471,0.47917546925873955,1.1020212173461914,64
physical,"(1, 2, 7)",8,OK,342.8066251193851,0.4826721883013846,1.1046700477600098,64
physical,"(4, 5, 6)",8,OK,464.87842575839977,0.38668644654538026,1.128999948501587,64
physical,"(0, 4, 9)",8,OK,288.98018483879275,0.545774122405571,1.1061601638793945,64
physical,"(0, 2, 3)",8,OK,331.3986214195346,0.5019509881616946,1.1317057609558105,64
physical,"(2, 6, 7)",8,OK,393.9933997025671,0.44282440443805915,1.0958399772644043,64
physical,"(0, 2, 4)",8,OK,331.3986214195346,0.5019509881616946,1.1045761108398438,64
physical,"(4, 6, 9)",8,OK,289.0969660028926,0.5460144781735354,1.133815050125122,64
physical,"(0, 1, 3)",8,OK,332.73245843032396,0.49742403430642135,1.107917070388794,64
physical,"(1, 7, 9)",8,OK,402.6698532547588,0.4211083232226565,1.1034698486328125,64
physical,"(2, 3, 7)",8,OK,394.26359618825035,0.4395416290213147,1.0991058349609375,64
physical,"(0, 1, 5)",8,OK,332.73245843032396,0.49742403430642135,1.1048741340637207,64
physical,"(3, 5, 9)",8,OK,289.34652559804164,0.5462530526267657,1.1061897277832031,64
rand007,"(1, 6, 8)",8,OK,320.119844040426,0.48588155798054505,1.1041209697723389,64
rand007,"(1, 4, 7)",8,OK,385.8741017983274,0.42458984385069265,1.10378098487854,64
rand007,"(2, 4, 6)",8,OK,384.72182893454755,0.4289217355914816,1.109525203704834,64
rand007,"(1, 6, 7)",8,OK,385.2231777025219,0.4249545502280057,1.1084609031677246,64
rand007,"(0, 2, 7)",8,OK,330.0181308827215,0.48485830101590416,1.1066386699676514,64
rand007,"(3, 6, 9)",8,OK,340.3761458456982,0.4837486560675791,1.1023011207580566,64
rand007,"(1, 2, 6)",8,OK,385.2231777025219,0.42495455022800566,1.0964410305023193,64
rand007,"(1, 5, 7)",8,OK,383.23373309193,0.4314824100095728,1.134289026260376,64
rand007,"(0, 2, 9)",8,OK,281.7690053549171,0.5612341079019963,1.1287519931793213,64
rand007,"(5, 7, 9)",8,OK,340.3761458456982,0.4837486560675791,1.1010541915893555,64
rand007,"(2, 3, 5)",8,OK,384.72182893454755,0.42892173559148156,1.0965170860290527,64
rand007,"(0, 5, 7)",8,OK,391.52061970531093,0.4388811515533666,1.12205171585083,64
rand007,"(1, 5, 6)",8,OK,385.2231777025219,0.4249545502280057,1.1191840171813965,64
rand007,"(0, 2, 6)",8,OK,391.52061970531093,0.4388811515533666,1.1039297580718994,64
rand007,"(5, 6, 7)",8,OK,470.62862411116504,0.3649952644156055,1.1028258800506592,64
rand007,"(2, 6, 9)",8,OK,340.3761458456982,0.4837486560675791,1.096897840499878,64
rand007,"(1, 3, 5)",8,OK,379.8710147056905,0.43843973429523525,1.1009302139282227,64
rand007,"(4, 6, 8)",8,OK,402.7820473699162,0.4215876222875695,1.0989210605621338,64
rand007,"(0, 6, 7)",8,OK,391.52061970531093,0.4388811515533666,1.104137897491455,64
rand007,"(2, 4, 7)",8,OK,384.72182893454755,0.42892173559148156,1.1006109714508057,64
rand007,"(3, 4, 6)",8,OK,385.1929708269468,0.4267250401357678,1.1013479232788086,64
rand007,"(0, 1, 9)",8,OK,330.22245548768313,0.5046032679833067,1.1039891242980957,64
rand007,"(0, 3, 4)",8,OK,330.0181308827215,0.48485830101590416,1.1028039455413818,64
rand007,"(3, 8, 9)",8,OK,342.66637084704945,0.4800662999202993,1.0985960960388184,64
rand007,"(5, 6, 8)",8,OK,402.7820473699162,0.4215876222875695,1.103672981262207,64
rand007,"(0, 5, 6)",8,OK,391.52061970531093,0.4388811515533666,1.1033332347869873,64
rand007,"(2, 3, 9)",8,OK,333.0843750223336,0.4835321190417098,1.1030290126800537,64
rand007,"(0, 4, 8)",8,OK,401.11933888706466,0.4223508558078549,1.1042077541351318,64
rand007,"(1, 2, 7)",8,OK,380.4628259856644,0.4382176710818434,1.1063261032104492,64
rand007,"(4, 5, 6)",8,OK,470.39068845184937,0.36689843125872484,1.1029059886932373,64
rand007,"(0, 4, 9)",8,OK,281.7690053549171,0.5612341079019963,1.11081862449646,64
rand007,"(0, 2, 3)",8,OK,330.0181308827215,0.48485830101590416,1.1060469150543213,64
rand007,"(2, 6, 7)",8,OK,384.72182893454755,0.4289217355914816,1.1020410060882568,64
rand007,"(0, 2, 4)",8,OK,379.8001788354899,0.44147001883517734,1.1026701927185059,64
rand007,"(4, 6, 9)",8,OK,340.3761458456982,0.4837486560675791,1.1037540435791016,64
rand007,"(0, 1, 3)",8,OK,330.15422823611385,0.48288741070200975,1.1020429134368896,64
rand007,"(1, 7, 9)",8,OK,277.67252386926253,0.5374235183130388,1.1083698272705078,64
rand007,"(2, 3, 7)",8,OK,384.72182893454755,0.4289217355914816,1.107996940612793,64
rand007,"(0, 1, 5)",8,OK,330.15422823611385,0.48288741070200975,1.1088569164276123,64
rand007,"(3, 5, 9)",8,OK,340.3761458456982,0.4837486560675791,1.1067008972167969,64
