two_q_gates,depth,two_q_depth,swap_count,single_q_gates,n_reps,n_pairs_aa,n_pairs_ab,n_free_params,transpile_wall_s,tag,seed,set,system,chain,triple,sqd_err_label
13016,6626,2558,716,58766,50,19,3,1100,0.11558771133422852,A1_0-1-2,11,A1,H10,identity,"(0, 1, 2)",
12896,9025,3571,676,58327,50,19,3,1100,0.08879899978637695,A1_0-1-2,22,A1,H10,identity,"(0, 1, 2)",
11774,6167,2168,302,57963,50,19,3,1100,0.08395123481750488,A1_0-1-2,33,A1,H10,identity,"(0, 1, 2)",
13028,6646,2562,720,58780,50,19,3,1100,0.08805203437805176,A1_0-1-2,44,A1,H10,identity,"(0, 1, 2)",
13022,6664,2579,718,58775,50,19,3,1100,0.08903288841247559,A1_0-1-2,55,A1,H10,identity,"(0, 1, 2)",
13277,8133,3091,803,58683,50,19,3,1100,0.10816717147827148,A1_0-1-3,11,A1,H10,identity,"(0, 1, 3)",
13277,8131,3091,803,58684,50,19,3,1100,0.08548092842102051,A1_0-1-3,22,A1,H10,identity,"(0, 1, 3)",
12980,6985,2716,704,58132,50,19,3,1100,0.08528590202331543,A1_0-1-3,33,A1,H10,identity,"(0, 1, 3)",
13112,6612,2361,748,58485,50,19,3,1100,0.08455610275268555,A1_0-1-3,44,A1,H10,identity,"(0, 1, 3)",
13820,9034,3766,984,58505,50,19,3,1100,0.10901784896850586,A1_0-1-3,55,A1,H10,identity,"(0, 1, 3)",
12908,7859,2766,722,58649,50,19,3,1100,0.11302900314331055,A1_0-1-4,11,A1,H10,identity,"(0, 1, 4)",
12332,7820,2686,504,58509,50,19,3,1100,0.08495378494262695,A1_0-1-4,22,A1,H10,identity,"(0, 1, 4)",
13271,9969,3394,819,58549,50,19,3,1100,0.10848188400268555,A1_0-1-4,33,A1,H10,identity,"(0, 1, 4)",
12332,7820,2686,504,58509,50,19,3,1100,0.08548283576965332,A1_0-1-4,44,A1,H10,identity,"(0, 1, 4)",
12332,7821,2686,504,58508,50,19,3,1100,0.1083991527557373,A1_0-1-4,55,A1,H10,identity,"(0, 1, 4)",
12716,8113,2996,632,58370,50,19,3,1100,0.0853738784790039,A1_0-1-5,11,A1,H10,identity,"(0, 1, 5)",
12080,5442,1730,420,58309,50,19,3,1100,0.08466482162475586,A1_0-1-5,22,A1,H10,identity,"(0, 1, 5)",
12056,5401,1702,412,58310,50,19,3,1100,0.08612394332885742,A1_0-1-5,33,A1,H10,identity,"(0, 1, 5)",
12260,8064,2718,494,58193,50,19,3,1100,0.10231709480285645,A1_0-1-5,44,A1,H10,identity,"(0, 1, 5)",
12920,6077,2030,702,58482,50,19,3,1100,0.13378095626831055,A1_0-1-5,55,A1,H10,identity,"(0, 1, 5)",
13274,8998,3227,802,58776,50,19,3,1100,0.08615303039550781,A1_0-1-6,11,A1,H10,identity,"(0, 1, 6)",
12914,6341,2101,682,58402,50,19,3,1100,0.09172296524047852,A1_0-1-6,22,A1,H10,identity,"(0, 1, 6)",
12977,8100,2941,703,58768,50,19,3,1100,0.08664798736572266,A1_0-1-6,33,A1,H10,identity,"(0, 1, 6)",
12806,6417,2144,646,58378,50,19,3,1100,0.11362910270690918,A1_0-1-6,44,A1,H10,identity,"(0, 1, 6)",
13370,8840,3219,834,58814,50,19,3,1100,0.08724594116210938,A1_0-1-6,55,A1,H10,identity,"(0, 1, 6)",
12668,6133,2108,600,58321,50,19,3,1100,0.0890340805053711,A1_0-1-7,11,A1,H10,identity,"(0, 1, 7)",
12068,5756,1734,400,58250,50,19,3,1100,0.08588409423828125,A1_0-1-7,22,A1,H10,identity,"(0, 1, 7)",
12068,5745,1750,400,58272,50,19,3,1100,0.08718585968017578,A1_0-1-7,33,A1,H10,identity,"(0, 1, 7)",
13460,6572,2524,864,58424,50,19,3,1100,0.11173892021179199,A1_0-1-7,44,A1,H10,identity,"(0, 1, 7)",
12068,5893,1920,400,57640,50,19,3,1100,0.08644700050354004,A1_0-1-7,55,A1,H10,identity,"(0, 1, 7)",
12062,9606,2888,398,58042,50,19,3,1100,0.08559083938598633,A1_0-1-8,11,A1,H10,identity,"(0, 1, 8)",
11867,9459,2890,333,58144,50,19,3,1100,0.09195399284362793,A1_0-1-8,22,A1,H10,identity,"(0, 1, 8)",
12068,5337,1620,400,58417,50,19,3,1100,0.11183404922485352,A1_0-1-8,33,A1,H10,identity,"(0, 1, 8)",
12659,8362,3039,597,59068,50,19,3,1100,0.08651995658874512,A1_0-1-8,44,A1,H10,identity,"(0, 1, 8)",
12068,5622,1759,400,58402,50,19,3,1100,0.08555388450622559,A1_0-1-8,55,A1,H10,identity,"(0, 1, 8)",
12584,6365,2219,572,58998,50,19,3,1100,0.08831906318664551,A1_0-1-9,11,A1,H10,identity,"(0, 1, 9)",
11468,5223,1620,200,58203,50,19,3,1100,0.08796286582946777,A1_0-1-9,22,A1,H10,identity,"(0, 1, 9)",
11321,9557,2806,151,57619,50,19,3,1100,0.11370992660522461,A1_0-1-9,33,A1,H10,identity,"(0, 1, 9)",
11468,5223,1620,200,58203,50,19,3,1100,0.08803105354309082,A1_0-1-9,44,A1,H10,identity,"(0, 1, 9)",
12107,8004,2641,413,58030,50,19,3,1100,0.08744215965270996,A1_0-1-9,55,A1,H10,identity,"(0, 1, 9)",
12968,7099,2813,700,58370,50,19,3,1100,0.08709001541137695,A1_0-2-3,11,A1,H10,identity,"(0, 2, 3)",
13340,9092,3556,824,58828,50,19,3,1100,0.08699226379394531,A1_0-2-3,22,A1,H10,identity,"(0, 2, 3)",
13196,9017,3401,776,58240,50,19,3,1100,0.10857701301574707,A1_0-2-3,33,A1,H10,identity,"(0, 2, 3)",
13781,10689,4134,971,58779,50,19,3,1100,0.12199997901916504,A1_0-2-3,44,A1,H10,identity,"(0, 2, 3)",
13004,7896,2879,712,58116,50,19,3,1100,0.0877537727355957,A1_0-2-3,55,A1,H10,identity,"(0, 2, 3)",
12935,8184,3055,707,58238,50,19,3,1100,0.11093020439147949,A1_0-2-4,11,A1,H10,identity,"(0, 2, 4)",
13472,8238,3113,884,58886,50,19,3,1100,0.11077523231506348,A1_0-2-4,22,A1,H10,identity,"(0, 2, 4)",
13826,8435,3204,1012,58562,50,19,3,1100,0.12229108810424805,A1_0-2-4,33,A1,H10,identity,"(0, 2, 4)",
13769,8319,3259,985,58167,50,19,3,1100,0.105072021484375,A1_0-2-4,44,A1,H10,identity,"(0, 2, 4)",
13541,8958,3563,959,58739,50,19,3,1100,0.11252808570861816,A1_0-2-4,55,A1,H10,identity,"(0, 2, 4)",
12320,5832,1914,500,58252,50,19,3,1100,0.0858907699584961,A1_0-2-5,11,A1,H10,identity,"(0, 2, 5)",
12632,6030,2132,604,58418,50,19,3,1100,0.11439013481140137,A1_0-2-5,22,A1,H10,identity,"(0, 2, 5)",
12632,6025,2130,604,58416,50,19,3,1100,0.08639001846313477,A1_0-2-5,33,A1,H10,identity,"(0, 2, 5)",
13625,9302,3804,969,58695,50,19,3,1100,0.11112594604492188,A1_0-2-5,44,A1,H10,identity,"(0, 2, 5)",
13832,6746,2378,1004,58712,50,19,3,1100,0.09190082550048828,A1_0-2-5,55,A1,H10,identity,"(0, 2, 5)",
14006,8525,3124,1046,59079,50,19,3,1100,0.0898141860961914,A1_0-2-6,11,A1,H10,identity,"(0, 2, 6)",
13268,7640,2876,800,58490,50,19,3,1100,0.11212491989135742,A1_0-2-6,22,A1,H10,identity,"(0, 2, 6)",
13601,9117,3490,911,58801,50,19,3,1100,0.0880591869354248,A1_0-2-6,33,A1,H10,identity,"(0, 2, 6)",
13880,9477,3633,1004,58811,50,19,3,1100,0.08791661262512207,A1_0-2-6,44,A1,H10,identity,"(0, 2, 6)",
14198,7869,2803,1110,58230,50,19,3,1100,0.09031200408935547,A1_0-2-6,55,A1,H10,identity,"(0, 2, 6)",
13268,6162,2164,800,58374,50,19,3,1100,0.11052799224853516,A1_0-2-7,11,A1,H10,identity,"(0, 2, 7)",
12668,5998,2102,600,58352,50,19,3,1100,0.08751821517944336,A1_0-2-7,22,A1,H10,identity,"(0, 2, 7)",
13580,8099,3030,904,58768,50,19,3,1100,0.08811092376708984,A1_0-2-7,33,A1,H10,identity,"(0, 2, 7)",
13430,6219,2228,854,58428,50,19,3,1100,0.09130382537841797,A1_0-2-7,44,A1,H10,identity,"(0, 2, 7)",
13424,6194,2190,852,58413,50,19,3,1100,0.08774709701538086,A1_0-2-7,55,A1,H10,identity,"(0, 2, 7)",
13784,10103,3261,972,58985,50,19,3,1100,0.11268305778503418,A1_0-2-8,11,A1,H10,identity,"(0, 2, 8)",
12668,6039,2144,600,58490,50,19,3,1100,0.08655810356140137,A1_0-2-8,22,A1,H10,identity,"(0, 2, 8)",
12668,6014,2126,600,58425,50,19,3,1100,0.08937597274780273,A1_0-2-8,33,A1,H10,identity,"(0, 2, 8)",
12668,5988,2096,600,58485,50,19,3,1100,0.08703494071960449,A1_0-2-8,44,A1,H10,identity,"(0, 2, 8)",
12668,6030,2138,600,58485,50,19,3,1100,0.08608508110046387,A1_0-2-8,55,A1,H10,identity,"(0, 2, 8)",
12068,6030,2144,400,58282,50,19,3,1100,0.11135101318359375,A1_0-2-9,11,A1,H10,identity,"(0, 2, 9)",
11768,5811,1914,300,58228,50,19,3,1100,0.0870208740234375,A1_0-2-9,22,A1,H10,identity,"(0, 2, 9)",
12068,6040,2156,400,58281,50,19,3,1100,0.08852601051330566,A1_0-2-9,33,A1,H10,identity,"(0, 2, 9)",
11768,5860,1914,300,58228,50,19,3,1100,0.08692216873168945,A1_0-2-9,44,A1,H10,identity,"(0, 2, 9)",
12068,6020,2132,400,58281,50,19,3,1100,0.11107468605041504,A1_0-2-9,55,A1,H10,identity,"(0, 2, 9)",
14195,10448,4242,1125,58490,50,19,3,1100,0.08998513221740723,A1_0-3-4,11,A1,H10,identity,"(0, 3, 4)",
12029,8212,2937,403,57883,50,19,3,1100,0.08766698837280273,A1_0-3-4,22,A1,H10,identity,"(0, 3, 4)",
13187,8633,3248,789,58080,50,19,3,1100,0.08773374557495117,A1_0-3-4,33,A1,H10,identity,"(0, 3, 4)",
13040,7932,2912,742,57956,50,19,3,1100,0.10294866561889648,A1_0-3-4,44,A1,H10,identity,"(0, 3, 4)",
12029,8183,2927,403,57882,50,19,3,1100,0.1146390438079834,A1_0-3-4,55,A1,H10,identity,"(0, 3, 4)",
13073,9029,3446,763,58132,50,19,3,1100,0.10982513427734375,A1_0-3-5,11,A1,H10,identity,"(0, 3, 5)",
13379,9762,3489,901,58101,50,19,3,1100,0.10293912887573242,A1_0-3-5,22,A1,H10,identity,"(0, 3, 5)",
12959,7159,2663,719,58031,50,19,3,1100,0.1102750301361084,A1_0-3-5,33,A1,H10,identity,"(0, 3, 5)",
13229,9206,3572,803,58113,50,19,3,1100,0.07958102226257324,A1_0-3-5,44,A1,H10,identity,"(0, 3, 5)",
13229,9139,3580,803,58097,50,19,3,1100,0.11077713966369629,A1_0-3-5,55,A1,H10,identity,"(0, 3, 5)",
13361,8989,3391,831,58132,50,19,3,1100,0.08589887619018555,A1_0-3-6,11,A1,H10,identity,"(0, 3, 6)",
13409,8971,3352,847,58151,50,19,3,1100,0.08693385124206543,A1_0-3-6,22,A1,H10,identity,"(0, 3, 6)",
13409,8970,3365,847,58158,50,19,3,1100,0.0880270004272461,A1_0-3-6,33,A1,H10,identity,"(0, 3, 6)",
13355,9000,3391,829,58132,50,19,3,1100,0.11172986030578613,A1_0-3-6,44,A1,H10,identity,"(0, 3, 6)",
13316,8018,2673,816,58809,50,19,3,1100,0.08822202682495117,A1_0-3-6,55,A1,H10,identity,"(0, 3, 6)",
12830,7389,2536,654,57763,50,19,3,1100,0.08582210540771484,A1_0-3-7,11,A1,H10,identity,"(0, 3, 7)",
13283,8366,3001,807,57996,50,19,3,1100,0.10651898384094238,A1_0-3-7,22,A1,H10,identity,"(0, 3, 7)",
13478,6655,2378,870,57915,50,19,3,1100,0.08947300910949707,A1_0-3-7,33,A1,H10,identity,"(0, 3, 7)",
13874,9383,3678,1002,58065,50,19,3,1100,0.11302399635314941,A1_0-3-7,44,A1,H10,identity,"(0, 3, 7)",
12830,6109,2124,654,57728,50,19,3,1100,0.09302520751953125,A1_0-3-7,55,A1,H10,identity,"(0, 3, 7)",
12668,6207,2058,600,57825,50,19,3,1100,0.08974218368530273,A1_0-3-8,11,A1,H10,identity,"(0, 3, 8)",
12377,8026,2725,503,58067,50,19,3,1100,0.09290480613708496,A1_0-3-8,22,A1,H10,identity,"(0, 3, 8)",
12068,5733,1797,400,57787,50,19,3,1100,0.0845339298248291,A1_0-3-8,33,A1,H10,identity,"(0, 3, 8)",
12668,7664,2642,600,57826,50,19,3,1100,0.11043262481689453,A1_0-3-8,44,A1,H10,identity,"(0, 3, 8)",
13268,6383,2144,800,57900,50,19,3,1100,0.08803415298461914,A1_0-3-8,55,A1,H10,identity,"(0, 3, 8)",
13256,6696,2592,796,58558,50,19,3,1100,0.08877182006835938,A1_0-3-9,11,A1,H10,identity,"(0, 3, 9)",
12497,7167,2528,543,57871,50,19,3,1100,0.08544611930847168,A1_0-3-9,22,A1,H10,identity,"(0, 3, 9)",
12068,6329,2085,400,57661,50,19,3,1100,0.10777401924133301,A1_0-3-9,33,A1,H10,identity,"(0, 3, 9)",
12068,6318,2056,400,57661,50,19,3,1100,0.0847940444946289,A1_0-3-9,44,A1,H10,identity,"(0, 3, 9)",
12377,8026,2731,503,58016,50,19,3,1100,0.0869600772857666,A1_0-3-9,55,A1,H10,identity,"(0, 3, 9)",
13784,10953,4375,1052,58358,50,19,3,1100,0.11267304420471191,A1_0-4-5,11,A1,H10,identity,"(0, 4, 5)",
12635,8567,2987,709,58261,50,19,3,1100,0.10899901390075684,A1_0-4-5,22,A1,H10,identity,"(0, 4, 5)",
11840,7927,2744,404,57877,50,19,3,1100,0.1349940299987793,A1_0-4-5,33,A1,H10,identity,"(0, 4, 5)",
11999,8571,2976,505,57882,50,19,3,1100,0.1118631362915039,A1_0-4-5,44,A1,H10,identity,"(0, 4, 5)",
12593,8564,3129,701,57959,50,19,3,1100,0.11047792434692383,A1_0-4-5,55,A1,H10,identity,"(0, 4, 5)",
12932,8169,3110,704,58099,50,19,3,1100,0.08793878555297852,A1_0-4-6,11,A1,H10,identity,"(0, 4, 6)",
13790,9097,3428,990,58871,50,19,3,1100,0.08831477165222168,A1_0-4-6,22,A1,H10,identity,"(0, 4, 6)",
13067,8878,3292,749,58177,50,19,3,1100,0.11270666122436523,A1_0-4-6,33,A1,H10,identity,"(0, 4, 6)",
12635,8684,3240,605,58140,50,19,3,1100,0.08838701248168945,A1_0-4-6,44,A1,H10,identity,"(0, 4, 6)",
13541,8297,3023,953,58029,50,19,3,1100,0.11442780494689941,A1_0-4-6,55,A1,H10,identity,"(0, 4, 6)",
12620,6003,2087,600,57736,50,19,3,1100,0.0879669189453125,A1_0-4-7,11,A1,H10,identity,"(0, 4, 7)",
12905,8297,2906,709,58075,50,19,3,1100,0.1377730369567871,A1_0-4-7,22,A1,H10,identity,"(0, 4, 7)",
12632,6135,2106,604,57766,50,19,3,1100,0.08756399154663086,A1_0-4-7,33,A1,H10,identity,"(0, 4, 7)",
15035,9329,3597,1407,58924,50,19,3,1100,0.11566972732543945,A1_0-4-7,44,A1,H10,identity,"(0, 4, 7)",
13706,8192,3146,982,57976,50,19,3,1100,0.11464691162109375,A1_0-4-7,55,A1,H10,identity,"(0, 4, 7)",
12710,7088,2400,634,58125,50,19,3,1100,0.11306095123291016,A1_0-4-8,11,A1,H10,identity,"(0, 4, 8)",
13208,8709,3195,802,58786,50,19,3,1100,0.13533806800842285,A1_0-4-8,22,A1,H10,identity,"(0, 4, 8)",
12701,7876,2655,627,58201,50,19,3,1100,0.0880730152130127,A1_0-4-8,33,A1,H10,identity,"(0, 4, 8)",
12902,7522,2540,702,58289,50,19,3,1100,0.11147904396057129,A1_0-4-8,44,A1,H10,identity,"(0, 4, 8)",
12548,7881,2804,616,58114,50,19,3,1100,0.11497783660888672,A1_0-4-8,55,A1,H10,identity,"(0, 4, 8)",
11420,5230,1498,200,57646,50,19,3,1100,0.0849752426147461,A1_0-4-9,11,A1,H10,identity,"(0, 4, 9)",
11732,6314,1978,304,57792,50,19,3,1100,0.10994601249694824,A1_0-4-9,22,A1,H10,identity,"(0, 4, 9)",
12035,7833,2687,407,57883,50,19,3,1100,0.10765790939331055,A1_0-4-9,33,A1,H10,identity,"(0, 4, 9)",
12128,6182,2023,446,57725,50,19,3,1100,0.11916184425354004,A1_0-4-9,44,A1,H10,identity,"(0, 4, 9)",
11594,5626,1672,260,57744,50,19,3,1100,0.10131978988647461,A1_0-4-9,55,A1,H10,identity,"(0, 4, 9)",
12617,8736,3183,599,58048,50,19,3,1100,0.10876107215881348,A1_0-5-6,11,A1,H10,identity,"(0, 5, 6)",
12632,8175,2890,604,58340,50,19,3,1100,0.08675003051757812,A1_0-5-6,22,A1,H10,identity,"(0, 5, 6)",
12629,9151,3404,603,58065,50,19,3,1100,0.08974170684814453,A1_0-5-6,33,A1,H10,identity,"(0, 5, 6)",
12629,9148,3401,603,58040,50,19,3,1100,0.0875849723815918,A1_0-5-6,44,A1,H10,identity,"(0, 5, 6)",
12617,8730,3172,599,58047,50,19,3,1100,0.0863950252532959,A1_0-5-6,55,A1,H10,identity,"(0, 5, 6)",
13847,9016,3642,1015,58084,50,19,3,1100,0.13557100296020508,A1_0-5-7,11,A1,H10,identity,"(0, 5, 7)",
13697,10599,3863,959,58421,50,19,3,1100,0.08942198753356934,A1_0-5-7,22,A1,H10,identity,"(0, 5, 7)",
12212,6046,1949,464,57745,50,19,3,1100,0.08716177940368652,A1_0-5-7,33,A1,H10,identity,"(0, 5, 7)",
13433,8988,3547,871,58656,50,19,3,1100,0.08796477317810059,A1_0-5-7,44,A1,H10,identity,"(0, 5, 7)",
12782,6262,2183,654,57740,50,19,3,1100,0.10981464385986328,A1_0-5-7,55,A1,H10,identity,"(0, 5, 7)",
12179,5702,1841,453,57860,50,19,3,1100,0.08885407447814941,A1_0-5-8,11,A1,H10,identity,"(0, 5, 8)",
14330,9217,3502,1170,58674,50,19,3,1100,0.08990287780761719,A1_0-5-8,22,A1,H10,identity,"(0, 5, 8)",
12080,5490,1730,420,57835,50,19,3,1100,0.08852028846740723,A1_0-5-8,33,A1,H10,identity,"(0, 5, 8)",
12776,6412,2090,652,57861,50,19,3,1100,0.08798003196716309,A1_0-5-8,44,A1,H10,identity,"(0, 5, 8)",
13238,7957,2690,806,58504,50,19,3,1100,0.11255574226379395,A1_0-5-8,55,A1,H10,identity,"(0, 5, 8)",
12134,6096,2049,446,57706,50,19,3,1100,0.10988807678222656,A1_0-5-9,11,A1,H10,identity,"(0, 5, 9)",
12482,6192,2093,554,58262,50,19,3,1100,0.08634185791015625,A1_0-5-9,22,A1,H10,identity,"(0, 5, 9)",
11420,5198,1498,200,57643,50,19,3,1100,0.08577799797058105,A1_0-5-9,33,A1,H10,identity,"(0, 5, 9)",
11432,5184,1502,204,57619,50,19,3,1100,0.08582711219787598,A1_0-5-9,44,A1,H10,identity,"(0, 5, 9)",
13028,8749,3119,748,58767,50,19,3,1100,0.13486695289611816,A1_0-5-9,55,A1,H10,identity,"(0, 5, 9)",
14633,10707,3670,1255,59038,50,19,3,1100,0.09022402763366699,A1_0-6-7,11,A1,H10,identity,"(0, 6, 7)",
12734,6933,2428,622,57813,50,19,3,1100,0.0885467529296875,A1_0-6-7,22,A1,H10,identity,"(0, 6, 7)",
13334,8806,3326,822,58163,50,19,3,1100,0.08975386619567871,A1_0-6-7,33,A1,H10,identity,"(0, 6, 7)",
14636,9503,3771,1256,58772,50,19,3,1100,0.1137089729309082,A1_0-6-7,44,A1,H10,identity,"(0, 6, 7)",
12734,6895,2430,622,57802,50,19,3,1100,0.08835101127624512,A1_0-6-7,55,A1,H10,identity,"(0, 6, 7)",
12368,6468,2294,500,57827,50,19,3,1100,0.08618807792663574,A1_0-6-8,11,A1,H10,identity,"(0, 6, 8)",
12368,6449,2308,500,57729,50,19,3,1100,0.08870625495910645,A1_0-6-8,22,A1,H10,identity,"(0, 6, 8)",
12728,6423,2115,620,57967,50,19,3,1100,0.0877530574798584,A1_0-6-8,33,A1,H10,identity,"(0, 6, 8)",
12368,6486,2303,500,57827,50,19,3,1100,0.11058712005615234,A1_0-6-8,44,A1,H10,identity,"(0, 6, 8)",
12617,6678,2389,583,57875,50,19,3,1100,0.08626294136047363,A1_0-6-8,55,A1,H10,identity,"(0, 6, 8)",
12074,6820,2174,402,57696,50,19,3,1100,0.08557271957397461,A1_0-6-9,11,A1,H10,identity,"(0, 6, 9)",
12074,6834,2202,402,57696,50,19,3,1100,0.0884389877319336,A1_0-6-9,22,A1,H10,identity,"(0, 6, 9)",
12098,6376,2107,410,57736,50,19,3,1100,0.08588695526123047,A1_0-6-9,33,A1,H10,identity,"(0, 6, 9)",
12734,5962,2069,622,57663,50,19,3,1100,0.11002302169799805,A1_0-6-9,44,A1,H10,identity,"(0, 6, 9)",
12074,6809,2167,402,57696,50,19,3,1100,0.09125018119812012,A1_0-6-9,55,A1,H10,identity,"(0, 6, 9)",
11768,5820,2099,300,57614,50,19,3,1100,0.08741402626037598,A1_0-7-8,11,A1,H10,identity,"(0, 7, 8)",
12440,9055,3347,524,58446,50,19,3,1100,0.08726000785827637,A1_0-7-8,22,A1,H10,identity,"(0, 7, 8)",
12962,6515,2610,698,57761,50,19,3,1100,0.11072993278503418,A1_0-7-8,33,A1,H10,identity,"(0, 7, 8)",
13016,6793,2522,716,58242,50,19,3,1100,0.09022998809814453,A1_0-7-8,44,A1,H10,identity,"(0, 7, 8)",
12404,9028,3326,512,58463,50,19,3,1100,0.09001398086547852,A1_0-7-8,55,A1,H10,identity,"(0, 7, 8)",
11828,5922,1952,320,57790,50,19,3,1100,0.0876922607421875,A1_0-7-9,11,A1,H10,identity,"(0, 7, 9)",
12068,6168,2156,400,57635,50,19,3,1100,0.08771204948425293,A1_0-7-9,22,A1,H10,identity,"(0, 7, 9)",
11768,5834,1908,300,57759,50,19,3,1100,0.11575508117675781,A1_0-7-9,33,A1,H10,identity,"(0, 7, 9)",
11768,5838,1914,300,57782,50,19,3,1100,0.08862900733947754,A1_0-7-9,44,A1,H10,identity,"(0, 7, 9)",
12896,8802,3344,676,58621,50,19,3,1100,0.08635282516479492,A1_0-7-9,55,A1,H10,identity,"(0, 7, 9)",
11468,5312,1614,200,57620,50,19,3,1100,0.0872650146484375,A1_0-8-9,11,A1,H10,identity,"(0, 8, 9)",
11852,6314,2228,328,57865,50,19,3,1100,0.08563375473022461,A1_0-8-9,22,A1,H10,identity,"(0, 8, 9)",
11876,6324,2246,336,57851,50,19,3,1100,0.11242079734802246,A1_0-8-9,33,A1,H10,identity,"(0, 8, 9)",
11468,5338,1620,200,57707,50,19,3,1100,0.08893179893493652,A1_0-8-9,44,A1,H10,identity,"(0, 8, 9)",
11468,5337,1620,200,57706,50,19,3,1100,0.08743810653686523,A1_0-8-9,55,A1,H10,identity,"(0, 8, 9)",
12968,6968,2960,700,58134,50,19,3,1100,0.0864560604095459,A1_1-2-3,11,A1,H10,identity,"(1, 2, 3)",
13574,8581,3626,902,58297,50,19,3,1100,0.11017203330993652,A1_1-2-3,22,A1,H10,identity,"(1, 2, 3)",
13307,8793,3764,813,58233,50,19,3,1100,0.08958888053894043,A1_1-2-3,33,A1,H10,identity,"(1, 2, 3)",
12968,6966,2962,700,58127,50,19,3,1100,0.0909872055053711,A1_1-2-3,44,A1,H10,identity,"(1, 2, 3)",
13682,8155,3177,938,58544,50,19,3,1100,0.0887460708618164,A1_1-2-3,55,A1,H10,identity,"(1, 2, 3)",
14186,8638,3407,1128,59249,50,19,3,1100,0.11389780044555664,A1_1-2-4,11,A1,H10,identity,"(1, 2, 4)",
13673,9759,3821,951,58272,50,19,3,1100,0.11360883712768555,A1_1-2-4,22,A1,H10,identity,"(1, 2, 4)",
14663,9244,3455,1293,58962,50,19,3,1100,0.11597418785095215,A1_1-2-4,33,A1,H10,identity,"(1, 2, 4)",
14312,10066,4069,1166,58516,50,19,3,1100,0.11487293243408203,A1_1-2-4,44,A1,H10,identity,"(1, 2, 4)",
13628,8693,3168,936,58629,50,19,3,1100,0.09009003639221191,A1_1-2-4,55,A1,H10,identity,"(1, 2, 4)",
12956,7983,2789,712,58522,50,19,3,1100,0.09453797340393066,A1_1-2-5,11,A1,H10,identity,"(1, 2, 5)",
13880,8986,3326,1020,58567,50,19,3,1100,0.11996793746948242,A1_1-2-5,22,A1,H10,identity,"(1, 2, 5)",
13697,7686,3214,1007,58692,50,19,3,1100,0.10633707046508789,A1_1-2-5,33,A1,H10,identity,"(1, 2, 5)",
13709,8372,3156,963,58592,50,19,3,1100,0.08825492858886719,A1_1-2-5,44,A1,H10,identity,"(1, 2, 5)",
14237,8476,3317,1177,59097,50,19,3,1100,0.1098930835723877,A1_1-2-5,55,A1,H10,identity,"(1, 2, 5)",
14816,9779,3833,1318,59237,50,19,3,1100,0.153717041015625,A1_1-2-6,11,A1,H10,identity,"(1, 2, 6)",
14042,8773,3344,1058,58278,50,19,3,1100,0.08756399154663086,A1_1-2-6,22,A1,H10,identity,"(1, 2, 6)",
13934,8487,3017,1022,58932,50,19,3,1100,0.08901810646057129,A1_1-2-6,33,A1,H10,identity,"(1, 2, 6)",
14204,8108,3159,1112,58910,50,19,3,1100,0.0915060043334961,A1_1-2-6,44,A1,H10,identity,"(1, 2, 6)",
14999,6841,2619,1377,58949,50,19,3,1100,0.09864187240600586,A1_1-2-6,55,A1,H10,identity,"(1, 2, 6)",
14216,6630,2537,1116,58866,50,19,3,1100,0.11526894569396973,A1_1-2-7,11,A1,H10,identity,"(1, 2, 7)",
13580,8794,3377,904,58244,50,19,3,1100,0.0873258113861084,A1_1-2-7,22,A1,H10,identity,"(1, 2, 7)",
13598,8770,3359,910,58270,50,19,3,1100,0.08997392654418945,A1_1-2-7,33,A1,H10,identity,"(1, 2, 7)",
13586,8782,3370,906,58234,50,19,3,1100,0.0880279541015625,A1_1-2-7,44,A1,H10,identity,"(1, 2, 7)",
14510,8998,3461,1216,58631,50,19,3,1100,0.11486411094665527,A1_1-2-7,55,A1,H10,identity,"(1, 2, 7)",
13598,6609,2525,910,58945,50,19,3,1100,0.11571788787841797,A1_1-2-8,11,A1,H10,identity,"(1, 2, 8)",
13562,6571,2614,898,58267,50,19,3,1100,0.09009981155395508,A1_1-2-8,22,A1,H10,identity,"(1, 2, 8)",
12989,11026,3672,707,58476,50,19,3,1100,0.0868077278137207,A1_1-2-8,33,A1,H10,identity,"(1, 2, 8)",
13130,6297,2329,754,58433,50,19,3,1100,0.08830809593200684,A1_1-2-8,44,A1,H10,identity,"(1, 2, 8)",
13649,8576,3231,927,58654,50,19,3,1100,0.1165609359741211,A1_1-2-8,55,A1,H10,identity,"(1, 2, 8)",
11768,6005,2085,300,57938,50,19,3,1100,0.08863210678100586,A1_1-2-9,11,A1,H10,identity,"(1, 2, 9)",
12074,8206,3024,402,57853,50,19,3,1100,0.08594322204589844,A1_1-2-9,22,A1,H10,identity,"(1, 2, 9)",
11768,6009,2089,300,57937,50,19,3,1100,0.09122490882873535,A1_1-2-9,33,A1,H10,identity,"(1, 2, 9)",
12074,8265,3020,402,57831,50,19,3,1100,0.09023094177246094,A1_1-2-9,44,A1,H10,identity,"(1, 2, 9)",
11861,6121,2133,331,57959,50,19,3,1100,0.11282777786254883,A1_1-2-9,55,A1,H10,identity,"(1, 2, 9)",
13532,7982,3050,904,58530,50,19,3,1100,0.0887298583984375,A1_1-3-4,11,A1,H10,identity,"(1, 3, 4)",
13682,9288,3367,954,58822,50,19,3,1100,0.08923912048339844,A1_1-3-4,22,A1,H10,identity,"(1, 3, 4)",
14477,8657,3109,1219,59243,50,19,3,1100,0.09049701690673828,A1_1-3-4,33,A1,H10,identity,"(1, 3, 4)",
13688,9169,3334,956,58811,50,19,3,1100,0.08959412574768066,A1_1-3-4,44,A1,H10,identity,"(1, 3, 4)",
14564,8458,3583,1280,58851,50,19,3,1100,0.1314077377319336,A1_1-3-4,55,A1,H10,identity,"(1, 3, 4)",
13862,8847,3394,1018,58840,50,19,3,1100,0.12625503540039062,A1_1-3-5,11,A1,H10,identity,"(1, 3, 5)",
14417,8957,3248,1199,59189,50,19,3,1100,0.08983922004699707,A1_1-3-5,22,A1,H10,identity,"(1, 3, 5)",
14318,8985,3442,1172,58653,50,19,3,1100,0.11662626266479492,A1_1-3-5,33,A1,H10,identity,"(1, 3, 5)",
13235,8312,3047,805,58778,50,19,3,1100,0.10395383834838867,A1_1-3-5,44,A1,H10,identity,"(1, 3, 5)",
15452,9950,4293,1548,59336,50,19,3,1100,0.11021900177001953,A1_1-3-5,55,A1,H10,identity,"(1, 3, 5)",
14633,9260,3581,1255,58965,50,19,3,1100,0.09092473983764648,A1_1-3-6,11,A1,H10,identity,"(1, 3, 6)",
14231,9992,3767,1121,58554,50,19,3,1100,0.09054303169250488,A1_1-3-6,22,A1,H10,identity,"(1, 3, 6)",
13871,8077,3023,1001,58591,50,19,3,1100,0.0881509780883789,A1_1-3-6,33,A1,H10,identity,"(1, 3, 6)",
14372,8287,3284,1168,58365,50,19,3,1100,0.11452794075012207,A1_1-3-6,44,A1,H10,identity,"(1, 3, 6)",
14357,9588,3751,1163,58946,50,19,3,1100,0.08969902992248535,A1_1-3-6,55,A1,H10,identity,"(1, 3, 6)",
14084,8625,3309,1072,58662,50,19,3,1100,0.09223723411560059,A1_1-3-7,11,A1,H10,identity,"(1, 3, 7)",
13568,6380,2318,900,58150,50,19,3,1100,0.09064006805419922,A1_1-3-7,22,A1,H10,identity,"(1, 3, 7)",
14510,8231,3004,1214,58865,50,19,3,1100,0.09016084671020508,A1_1-3-7,33,A1,H10,identity,"(1, 3, 7)",
14120,8255,3034,1084,58660,50,19,3,1100,0.1143791675567627,A1_1-3-7,44,A1,H10,identity,"(1, 3, 7)",
13994,6998,2547,1042,58497,50,19,3,1100,0.09208106994628906,A1_1-3-7,55,A1,H10,identity,"(1, 3, 7)",
12968,6340,2272,700,58317,50,19,3,1100,0.08873820304870605,A1_1-3-8,11,A1,H10,identity,"(1, 3, 8)",
14177,9602,3595,1103,58890,50,19,3,1100,0.08817529678344727,A1_1-3-8,22,A1,H10,identity,"(1, 3, 8)",
12968,6346,2278,700,58294,50,19,3,1100,0.11290192604064941,A1_1-3-8,33,A1,H10,identity,"(1, 3, 8)",
12968,6379,2312,700,58294,50,19,3,1100,0.09096074104309082,A1_1-3-8,44,A1,H10,identity,"(1, 3, 8)",
14654,9042,3798,1262,58945,50,19,3,1100,0.09111690521240234,A1_1-3-8,55,A1,H10,identity,"(1, 3, 8)",
12368,6361,2293,500,58081,50,19,3,1100,0.08728909492492676,A1_1-3-9,11,A1,H10,identity,"(1, 3, 9)",
13046,9353,3318,726,58387,50,19,3,1100,0.08643484115600586,A1_1-3-9,22,A1,H10,identity,"(1, 3, 9)",
12368,6370,2303,500,58081,50,19,3,1100,0.11494588851928711,A1_1-3-9,33,A1,H10,identity,"(1, 3, 9)",
12995,8018,2704,709,58417,50,19,3,1100,0.0886850357055664,A1_1-3-9,44,A1,H10,identity,"(1, 3, 9)",
13211,10352,3644,781,58759,50,19,3,1100,0.08728694915771484,A1_1-3-9,55,A1,H10,identity,"(1, 3, 9)",
14222,10094,3855,1198,58131,50,19,3,1100,0.11380600929260254,A1_1-4-5,11,A1,H10,identity,"(1, 4, 5)",
14252,10228,4171,1208,58046,50,19,3,1100,0.1153099536895752,A1_1-4-5,22,A1,H10,identity,"(1, 4, 5)",
13736,8574,3237,1004,58670,50,19,3,1100,0.1305546760559082,A1_1-4-5,33,A1,H10,identity,"(1, 4, 5)",
13286,11041,3719,902,58584,50,19,3,1100,0.11472392082214355,A1_1-4-5,44,A1,H10,identity,"(1, 4, 5)",
15149,13125,4788,1495,59329,50,19,3,1100,0.13213014602661133,A1_1-4-5,55,A1,H10,identity,"(1, 4, 5)",
14930,8486,3167,1398,58757,50,19,3,1100,0.11882209777832031,A1_1-4-6,11,A1,H10,identity,"(1, 4, 6)",
13682,8927,3314,958,58838,50,19,3,1100,0.1376500129699707,A1_1-4-6,22,A1,H10,identity,"(1, 4, 6)",
14006,8082,2990,1078,58688,50,19,3,1100,0.11530399322509766,A1_1-4-6,33,A1,H10,identity,"(1, 4, 6)",
13541,9200,3558,907,58516,50,19,3,1100,0.08921289443969727,A1_1-4-6,44,A1,H10,identity,"(1, 4, 6)",
14306,8315,2955,1166,58887,50,19,3,1100,0.11868095397949219,A1_1-4-6,55,A1,H10,identity,"(1, 4, 6)",
14012,9223,3589,1080,58703,50,19,3,1100,0.10544610023498535,A1_1-4-7,11,A1,H10,identity,"(1, 4, 7)",
12986,5907,1999,722,58323,50,19,3,1100,0.11303210258483887,A1_1-4-7,22,A1,H10,identity,"(1, 4, 7)",
13682,8028,2824,964,58437,50,19,3,1100,0.11238622665405273,A1_1-4-7,33,A1,H10,identity,"(1, 4, 7)",
13721,9373,3553,967,58774,50,19,3,1100,0.09227395057678223,A1_1-4-7,44,A1,H10,identity,"(1, 4, 7)",
12884,6384,2090,696,58459,50,19,3,1100,0.11538815498352051,A1_1-4-7,55,A1,H10,identity,"(1, 4, 7)",
14618,8842,3249,1266,58554,50,19,3,1100,0.08873271942138672,A1_1-4-8,11,A1,H10,identity,"(1, 4, 8)",
12920,6294,2066,700,58428,50,19,3,1100,0.11247420310974121,A1_1-4-8,22,A1,H10,identity,"(1, 4, 8)",
14012,7694,2899,1064,58634,50,19,3,1100,0.09098291397094727,A1_1-4-8,33,A1,H10,identity,"(1, 4, 8)",
12632,7821,2688,604,58553,50,19,3,1100,0.08764004707336426,A1_1-4-8,44,A1,H10,identity,"(1, 4, 8)",
14141,7949,2887,1133,59016,50,19,3,1100,0.11356616020202637,A1_1-4-8,55,A1,H10,identity,"(1, 4, 8)",
12797,6342,2119,663,58102,50,19,3,1100,0.12592005729675293,A1_1-4-9,11,A1,H10,identity,"(1, 4, 9)",
12332,7821,2684,504,58318,50,19,3,1100,0.08869814872741699,A1_1-4-9,22,A1,H10,identity,"(1, 4, 9)",
12776,8715,3128,652,58502,50,19,3,1100,0.08816719055175781,A1_1-4-9,33,A1,H10,identity,"(1, 4, 9)",
12827,8287,2833,689,58640,50,19,3,1100,0.11374616622924805,A1_1-4-9,44,A1,H10,identity,"(1, 4, 9)",
13028,8029,2789,738,58657,50,19,3,1100,0.11304903030395508,A1_1-4-9,55,A1,H10,identity,"(1, 4, 9)",
13562,10937,3705,936,58697,50,19,3,1100,0.15492701530456543,A1_1-5-6,11,A1,H10,identity,"(1, 5, 6)",
13427,8448,3089,877,58389,50,19,3,1100,0.11456584930419922,A1_1-5-6,22,A1,H10,identity,"(1, 5, 6)",
15020,9725,4044,1400,59091,50,19,3,1100,0.09072279930114746,A1_1-5-6,33,A1,H10,identity,"(1, 5, 6)",
12632,8177,2892,604,58368,50,19,3,1100,0.08776187896728516,A1_1-5-6,44,A1,H10,identity,"(1, 5, 6)",
14477,9423,3691,1229,59214,50,19,3,1100,0.11793398857116699,A1_1-5-6,55,A1,H10,identity,"(1, 5, 6)",
13241,7967,2793,807,58625,50,19,3,1100,0.11273694038391113,A1_1-5-7,11,A1,H10,identity,"(1, 5, 7)",
14345,9746,3769,1175,58847,50,19,3,1100,0.08912301063537598,A1_1-5-7,22,A1,H10,identity,"(1, 5, 7)",
13760,6569,2411,980,58194,50,19,3,1100,0.0893549919128418,A1_1-5-7,33,A1,H10,identity,"(1, 5, 7)",
13688,7939,2722,956,58783,50,19,3,1100,0.09180116653442383,A1_1-5-7,44,A1,H10,identity,"(1, 5, 7)",
14054,7525,2736,1102,58594,50,19,3,1100,0.137559175491333,A1_1-5-7,55,A1,H10,identity,"(1, 5, 7)",
14120,8941,3558,1144,58838,50,19,3,1100,0.1117868423461914,A1_1-5-8,11,A1,H10,identity,"(1, 5, 8)",
13892,7480,2788,1032,58746,50,19,3,1100,0.11541914939880371,A1_1-5-8,22,A1,H10,identity,"(1, 5, 8)",
13451,8553,3214,877,58875,50,19,3,1100,0.09122109413146973,A1_1-5-8,33,A1,H10,identity,"(1, 5, 8)",
13958,8451,3062,1054,59550,50,19,3,1100,0.11408805847167969,A1_1-5-8,44,A1,H10,identity,"(1, 5, 8)",
14591,10252,4205,1257,58762,50,19,3,1100,0.11522698402404785,A1_1-5-8,55,A1,H10,identity,"(1, 5, 8)",
12503,8506,3179,561,58253,50,19,3,1100,0.08628678321838379,A1_1-5-9,11,A1,H10,identity,"(1, 5, 9)",
12032,7957,2688,404,58006,50,19,3,1100,0.0879969596862793,A1_1-5-9,22,A1,H10,identity,"(1, 5, 9)",
12320,6267,2052,500,57930,50,19,3,1100,0.08615779876708984,A1_1-5-9,33,A1,H10,identity,"(1, 5, 9)",
12518,8512,3188,566,58272,50,19,3,1100,0.0853121280670166,A1_1-5-9,44,A1,H10,identity,"(1, 5, 9)",
12335,5997,2005,505,58287,50,19,3,1100,0.11237192153930664,A1_1-5-9,55,A1,H10,identity,"(1, 5, 9)",
15326,9684,4025,1486,59562,50,19,3,1100,0.09412908554077148,A1_1-6-7,11,A1,H10,identity,"(1, 6, 7)",
14081,8683,3142,1071,58990,50,19,3,1100,0.08910179138183594,A1_1-6-7,22,A1,H10,identity,"(1, 6, 7)",
14204,8841,3592,1112,58748,50,19,3,1100,0.08787369728088379,A1_1-6-7,33,A1,H10,identity,"(1, 6, 7)",
14516,8746,3672,1216,59041,50,19,3,1100,0.11383414268493652,A1_1-6-7,44,A1,H10,identity,"(1, 6, 7)",
14774,8704,3337,1302,58870,50,19,3,1100,0.09418201446533203,A1_1-6-7,55,A1,H10,identity,"(1, 6, 7)",
14162,9766,3934,1098,59064,50,19,3,1100,0.09139013290405273,A1_1-6-8,11,A1,H10,identity,"(1, 6, 8)",
12722,5861,1867,618,58243,50,19,3,1100,0.08812594413757324,A1_1-6-8,22,A1,H10,identity,"(1, 6, 8)",
14453,7783,3059,1195,58473,50,19,3,1100,0.09065580368041992,A1_1-6-8,33,A1,H10,identity,"(1, 6, 8)",
13334,6413,2113,822,58634,50,19,3,1100,0.11606574058532715,A1_1-6-8,44,A1,H10,identity,"(1, 6, 8)",
13304,10217,3429,812,58212,50,19,3,1100,0.08746695518493652,A1_1-6-8,55,A1,H10,identity,"(1, 6, 8)",
12674,7638,2603,602,58081,50,19,3,1100,0.0861811637878418,A1_1-6-9,11,A1,H10,identity,"(1, 6, 9)",
12674,7674,2620,602,58081,50,19,3,1100,0.08583712577819824,A1_1-6-9,22,A1,H10,identity,"(1, 6, 9)",
13733,8194,2913,955,58801,50,19,3,1100,0.08884000778198242,A1_1-6-9,33,A1,H10,identity,"(1, 6, 9)",
12968,6398,2222,700,58534,50,19,3,1100,0.11304402351379395,A1_1-6-9,44,A1,H10,identity,"(1, 6, 9)",
12674,7020,2504,602,58042,50,19,3,1100,0.0866701602935791,A1_1-6-9,55,A1,H10,identity,"(1, 6, 9)",
13439,9249,3587,857,58931,50,19,3,1100,0.10104703903198242,A1_1-7-8,11,A1,H10,identity,"(1, 7, 8)",
12368,5882,2093,500,58044,50,19,3,1100,0.08916187286376953,A1_1-7-8,22,A1,H10,identity,"(1, 7, 8)",
13397,9263,3621,843,58918,50,19,3,1100,0.11221599578857422,A1_1-7-8,33,A1,H10,identity,"(1, 7, 8)",
13130,6561,2335,754,58608,50,19,3,1100,0.08818411827087402,A1_1-7-8,44,A1,H10,identity,"(1, 7, 8)",
13388,9171,3567,840,58957,50,19,3,1100,0.08881592750549316,A1_1-7-8,55,A1,H10,identity,"(1, 7, 8)",
13268,6152,2154,800,58313,50,19,3,1100,0.09374737739562988,A1_1-7-9,11,A1,H10,identity,"(1, 7, 9)",
12926,6137,2126,686,58139,50,19,3,1100,0.08675718307495117,A1_1-7-9,22,A1,H10,identity,"(1, 7, 9)",
13094,6401,2319,742,58581,50,19,3,1100,0.11280989646911621,A1_1-7-9,33,A1,H10,identity,"(1, 7, 9)",
13463,10476,3580,865,58414,50,19,3,1100,0.08797597885131836,A1_1-7-9,44,A1,H10,identity,"(1, 7, 9)",
13667,8245,2834,933,58854,50,19,3,1100,0.0895090103149414,A1_1-7-9,55,A1,H10,identity,"(1, 7, 9)",
12068,5453,1842,400,58294,50,19,3,1100,0.08665800094604492,A1_1-8-9,11,A1,H10,identity,"(1, 8, 9)",
12668,6205,2072,600,58119,50,19,3,1100,0.08707809448242188,A1_1-8-9,22,A1,H10,identity,"(1, 8, 9)",
12782,8031,2733,638,58746,50,19,3,1100,0.11124491691589355,A1_1-8-9,33,A1,H10,identity,"(1, 8, 9)",
13277,8040,2813,803,58696,50,19,3,1100,0.08843708038330078,A1_1-8-9,44,A1,H10,identity,"(1, 8, 9)",
12068,5423,1782,400,58060,50,19,3,1100,0.08583498001098633,A1_1-8-9,55,A1,H10,identity,"(1, 8, 9)",
12629,8794,3366,603,57949,50,19,3,1100,0.08620524406433105,A1_2-3-4,11,A1,H10,identity,"(2, 3, 4)",
13223,8611,3669,801,58023,50,19,3,1100,0.11072516441345215,A1_2-3-4,22,A1,H10,identity,"(2, 3, 4)",
12824,8877,3405,668,58070,50,19,3,1100,0.08764290809631348,A1_2-3-4,33,A1,H10,identity,"(2, 3, 4)",
13223,9383,3680,801,58116,50,19,3,1100,0.08945608139038086,A1_2-3-4,44,A1,H10,identity,"(2, 3, 4)",
12629,8722,3366,603,57926,50,19,3,1100,0.08859586715698242,A1_2-3-4,55,A1,H10,identity,"(2, 3, 4)",
13634,9301,3817,938,58162,50,19,3,1100,0.0886530876159668,A1_2-3-5,11,A1,H10,identity,"(2, 3, 5)",
14237,9582,3947,1141,58248,50,19,3,1100,0.13157224655151367,A1_2-3-5,22,A1,H10,identity,"(2, 3, 5)",
14429,9529,3928,1205,58583,50,19,3,1100,0.12332892417907715,A1_2-3-5,33,A1,H10,identity,"(2, 3, 5)",
13991,9855,3885,1057,58371,50,19,3,1100,0.08789515495300293,A1_2-3-5,44,A1,H10,identity,"(2, 3, 5)",
13529,8308,3270,903,58376,50,19,3,1100,0.08884882926940918,A1_2-3-5,55,A1,H10,identity,"(2, 3, 5)",
14585,10807,4366,1239,58358,50,19,3,1100,0.09136533737182617,A1_2-3-6,11,A1,H10,identity,"(2, 3, 6)",
14315,9006,3486,1151,58393,50,19,3,1100,0.1385021209716797,A1_2-3-6,22,A1,H10,identity,"(2, 3, 6)",
14852,8873,3266,1328,58693,50,19,3,1100,0.08990597724914551,A1_2-3-6,33,A1,H10,identity,"(2, 3, 6)",
13511,8957,3316,881,58241,50,19,3,1100,0.08854818344116211,A1_2-3-6,44,A1,H10,identity,"(2, 3, 6)",
14219,9774,3610,1117,58526,50,19,3,1100,0.09124994277954102,A1_2-3-6,55,A1,H10,identity,"(2, 3, 6)",
14972,9384,3623,1368,59240,50,19,3,1100,0.11582207679748535,A1_2-3-7,11,A1,H10,identity,"(2, 3, 7)",
13934,8534,3394,1022,58317,50,19,3,1100,0.08739805221557617,A1_2-3-7,22,A1,H10,identity,"(2, 3, 7)",
14018,8828,3259,1050,58583,50,19,3,1100,0.08959174156188965,A1_2-3-7,33,A1,H10,identity,"(2, 3, 7)",
14069,8678,3235,1067,58236,50,19,3,1100,0.09104681015014648,A1_2-3-7,44,A1,H10,identity,"(2, 3, 7)",
14192,8696,3250,1108,58481,50,19,3,1100,0.09052681922912598,A1_2-3-7,55,A1,H10,identity,"(2, 3, 7)",
13268,8531,3173,800,58299,50,19,3,1100,0.11364507675170898,A1_2-3-8,11,A1,H10,identity,"(2, 3, 8)",
14174,9078,3529,1102,58386,50,19,3,1100,0.08943891525268555,A1_2-3-8,22,A1,H10,identity,"(2, 3, 8)",
13868,11190,3937,1000,58573,50,19,3,1100,0.0900108814239502,A1_2-3-8,33,A1,H10,identity,"(2, 3, 8)",
13973,9657,3740,1035,58503,50,19,3,1100,0.08854389190673828,A1_2-3-8,44,A1,H10,identity,"(2, 3, 8)",
13328,6722,2493,820,58411,50,19,3,1100,0.08912825584411621,A1_2-3-8,55,A1,H10,identity,"(2, 3, 8)",
12857,6778,2546,663,58035,50,19,3,1100,0.11593031883239746,A1_2-3-9,11,A1,H10,identity,"(2, 3, 9)",
12728,6598,2424,620,58189,50,19,3,1100,0.08903670310974121,A1_2-3-9,22,A1,H10,identity,"(2, 3, 9)",
14528,11303,3882,1220,58687,50,19,3,1100,0.08884620666503906,A1_2-3-9,33,A1,H10,identity,"(2, 3, 9)",
14591,9627,3749,1241,58907,50,19,3,1100,0.09768295288085938,A1_2-3-9,44,A1,H10,identity,"(2, 3, 9)",
13226,10881,3819,786,58597,50,19,3,1100,0.11194682121276855,A1_2-3-9,55,A1,H10,identity,"(2, 3, 9)",
13775,9615,3870,1047,58249,50,19,3,1100,0.1396167278289795,A1_2-4-5,11,A1,H10,identity,"(2, 4, 5)",
13841,9428,3563,1041,58348,50,19,3,1100,0.1145009994506836,A1_2-4-5,22,A1,H10,identity,"(2, 4, 5)",
14588,9613,3943,1294,58524,50,19,3,1100,0.11633992195129395,A1_2-4-5,33,A1,H10,identity,"(2, 4, 5)",
13592,9544,3876,978,58157,50,19,3,1100,0.11293172836303711,A1_2-4-5,44,A1,H10,identity,"(2, 4, 5)",
13838,9692,3861,1044,58331,50,19,3,1100,0.1425771713256836,A1_2-4-5,55,A1,H10,identity,"(2, 4, 5)",
14357,10567,4259,1217,58610,50,19,3,1100,0.11489725112915039,A1_2-4-6,11,A1,H10,identity,"(2, 4, 6)",
13610,9008,3393,936,58615,50,19,3,1100,0.11295723915100098,A1_2-4-6,22,A1,H10,identity,"(2, 4, 6)",
13739,9149,3357,973,58615,50,19,3,1100,0.08887600898742676,A1_2-4-6,33,A1,H10,identity,"(2, 4, 6)",
13973,9176,3551,1051,58286,50,19,3,1100,0.09156084060668945,A1_2-4-6,44,A1,H10,identity,"(2, 4, 6)",
15293,9017,3327,1493,59487,50,19,3,1100,0.13230180740356445,A1_2-4-6,55,A1,H10,identity,"(2, 4, 6)",
14546,9615,3611,1262,58595,50,19,3,1100,0.10721015930175781,A1_2-4-7,11,A1,H10,identity,"(2, 4, 7)",
13793,9126,3461,991,58214,50,19,3,1100,0.09017825126647949,A1_2-4-7,22,A1,H10,identity,"(2, 4, 7)",
14435,9009,3431,1211,58580,50,19,3,1100,0.1166679859161377,A1_2-4-7,33,A1,H10,identity,"(2, 4, 7)",
13994,9230,3546,1058,58299,50,19,3,1100,0.1138761043548584,A1_2-4-7,44,A1,H10,identity,"(2, 4, 7)",
14360,8976,3386,1190,58660,50,19,3,1100,0.11546492576599121,A1_2-4-7,55,A1,H10,identity,"(2, 4, 7)",
14438,8299,3157,1206,58661,50,19,3,1100,0.08791017532348633,A1_2-4-8,11,A1,H10,identity,"(2, 4, 8)",
13838,6796,2442,1006,58094,50,19,3,1100,0.0909881591796875,A1_2-4-8,22,A1,H10,identity,"(2, 4, 8)",
13832,7758,2935,1004,58664,50,19,3,1100,0.0899960994720459,A1_2-4-8,33,A1,H10,identity,"(2, 4, 8)",
13820,8497,3344,1000,58382,50,19,3,1100,0.11275506019592285,A1_2-4-8,44,A1,H10,identity,"(2, 4, 8)",
14258,7728,2876,1146,58745,50,19,3,1100,0.09027671813964844,A1_2-4-8,55,A1,H10,identity,"(2, 4, 8)",
13481,7122,2721,893,58243,50,19,3,1100,0.11394834518432617,A1_2-4-9,11,A1,H10,identity,"(2, 4, 9)",
13856,8449,3352,1012,58607,50,19,3,1100,0.09002494812011719,A1_2-4-9,22,A1,H10,identity,"(2, 4, 9)",
13232,8506,3086,806,58216,50,19,3,1100,0.1128389835357666,A1_2-4-9,33,A1,H10,identity,"(2, 4, 9)",
12635,7995,2841,607,58391,50,19,3,1100,0.13664793968200684,A1_2-4-9,44,A1,H10,identity,"(2, 4, 9)",
12638,7988,2830,606,58393,50,19,3,1100,0.09088897705078125,A1_2-4-9,55,A1,H10,identity,"(2, 4, 9)",
13955,9080,3487,1073,58548,50,19,3,1100,0.11352705955505371,A1_2-5-6,11,A1,H10,identity,"(2, 5, 6)",
13586,8459,3168,966,58498,50,19,3,1100,0.11373186111450195,A1_2-5-6,22,A1,H10,identity,"(2, 5, 6)",
14477,8849,3273,1219,58755,50,19,3,1100,0.11553621292114258,A1_2-5-6,33,A1,H10,identity,"(2, 5, 6)",
14336,9718,3861,1172,58939,50,19,3,1100,0.09114289283752441,A1_2-5-6,44,A1,H10,identity,"(2, 5, 6)",
12746,8489,2998,654,58393,50,19,3,1100,0.11143016815185547,A1_2-5-6,55,A1,H10,identity,"(2, 5, 6)",
14525,8343,3257,1237,58435,50,19,3,1100,0.10788989067077637,A1_2-5-7,11,A1,H10,identity,"(2, 5, 7)",
14075,8313,3191,1085,58553,50,19,3,1100,0.09067487716674805,A1_2-5-7,22,A1,H10,identity,"(2, 5, 7)",
13736,8923,3434,972,58512,50,19,3,1100,0.11596798896789551,A1_2-5-7,33,A1,H10,identity,"(2, 5, 7)",
14561,9217,3531,1249,58666,50,19,3,1100,0.10728287696838379,A1_2-5-7,44,A1,H10,identity,"(2, 5, 7)",
14624,9392,3629,1268,58431,50,19,3,1100,0.09036016464233398,A1_2-5-7,55,A1,H10,identity,"(2, 5, 7)",
14216,8738,3179,1134,58691,50,19,3,1100,0.11325812339782715,A1_2-5-8,11,A1,H10,identity,"(2, 5, 8)",
14438,9250,3679,1206,58518,50,19,3,1100,0.09232378005981445,A1_2-5-8,22,A1,H10,identity,"(2, 5, 8)",
14474,9640,3895,1218,58559,50,19,3,1100,0.11520004272460938,A1_2-5-8,33,A1,H10,identity,"(2, 5, 8)",
14168,7767,2894,1118,58417,50,19,3,1100,0.10672211647033691,A1_2-5-8,44,A1,H10,identity,"(2, 5, 8)",
13952,8113,2954,1056,58729,50,19,3,1100,0.10437297821044922,A1_2-5-8,55,A1,H10,identity,"(2, 5, 8)",
14345,8558,3454,1175,58449,50,19,3,1100,0.08301377296447754,A1_2-5-9,11,A1,H10,identity,"(2, 5, 9)",
13751,9388,3778,977,58469,50,19,3,1100,0.11383986473083496,A1_2-5-9,22,A1,H10,identity,"(2, 5, 9)",
12968,8430,3080,728,58278,50,19,3,1100,0.1140902042388916,A1_2-5-9,33,A1,H10,identity,"(2, 5, 9)",
13130,9091,3599,770,58395,50,19,3,1100,0.08812189102172852,A1_2-5-9,44,A1,H10,identity,"(2, 5, 9)",
14756,9630,4125,1312,58901,50,19,3,1100,0.09243488311767578,A1_2-5-9,55,A1,H10,identity,"(2, 5, 9)",
14675,8554,3334,1269,58681,50,19,3,1100,0.08956217765808105,A1_2-6-7,11,A1,H10,identity,"(2, 6, 7)",
13586,8410,3229,906,58429,50,19,3,1100,0.11341023445129395,A1_2-6-7,22,A1,H10,identity,"(2, 6, 7)",
14186,9199,3385,1106,58570,50,19,3,1100,0.09034299850463867,A1_2-6-7,33,A1,H10,identity,"(2, 6, 7)",
14159,11247,4177,1097,59149,50,19,3,1100,0.09144020080566406,A1_2-6-7,44,A1,H10,identity,"(2, 6, 7)",
13109,8082,3009,747,58224,50,19,3,1100,0.08860206604003906,A1_2-6-7,55,A1,H10,identity,"(2, 6, 7)",
14504,8807,3281,1212,59028,50,19,3,1100,0.0884389877319336,A1_2-6-8,11,A1,H10,identity,"(2, 6, 8)",
14414,9564,3726,1182,59363,50,19,3,1100,0.120635986328125,A1_2-6-8,22,A1,H10,identity,"(2, 6, 8)",
14774,9725,3904,1302,59237,50,19,3,1100,0.09212899208068848,A1_2-6-8,33,A1,H10,identity,"(2, 6, 8)",
13574,6443,2323,902,58203,50,19,3,1100,0.08960318565368652,A1_2-6-8,44,A1,H10,identity,"(2, 6, 8)",
13574,6436,2307,902,58522,50,19,3,1100,0.08770608901977539,A1_2-6-8,55,A1,H10,identity,"(2, 6, 8)",
13940,8812,3246,1024,58793,50,19,3,1100,0.11293888092041016,A1_2-6-9,11,A1,H10,identity,"(2, 6, 9)",
12116,5848,1857,416,58114,50,19,3,1100,0.08680200576782227,A1_2-6-9,22,A1,H10,identity,"(2, 6, 9)",
12977,8373,2991,703,58368,50,19,3,1100,0.08764219284057617,A1_2-6-9,33,A1,H10,identity,"(2, 6, 9)",
12983,8055,2893,705,58494,50,19,3,1100,0.08797907829284668,A1_2-6-9,44,A1,H10,identity,"(2, 6, 9)",
13601,9666,3698,911,58585,50,19,3,1100,0.08860397338867188,A1_2-6-9,55,A1,H10,identity,"(2, 6, 9)",
13616,6784,2535,916,58395,50,19,3,1100,0.11535263061523438,A1_2-7-8,11,A1,H10,identity,"(2, 7, 8)",
13922,8550,3275,1018,58311,50,19,3,1100,0.08948993682861328,A1_2-7-8,22,A1,H10,identity,"(2, 7, 8)",
13469,8692,3197,867,58256,50,19,3,1100,0.08744096755981445,A1_2-7-8,33,A1,H10,identity,"(2, 7, 8)",
14711,8564,3433,1281,58843,50,19,3,1100,0.08953285217285156,A1_2-7-8,44,A1,H10,identity,"(2, 7, 8)",
14291,8266,3142,1141,58806,50,19,3,1100,0.09044790267944336,A1_2-7-8,55,A1,H10,identity,"(2, 7, 8)",
13268,6118,2128,800,58424,50,19,3,1100,0.11691808700561523,A1_2-7-9,11,A1,H10,identity,"(2, 7, 9)",
12926,6092,2117,686,58211,50,19,3,1100,0.08575224876403809,A1_2-7-9,22,A1,H10,identity,"(2, 7, 9)",
13874,8214,3166,1002,58314,50,19,3,1100,0.09013080596923828,A1_2-7-9,33,A1,H10,identity,"(2, 7, 9)",
13268,6121,2132,800,58104,50,19,3,1100,0.0885477066040039,A1_2-7-9,44,A1,H10,identity,"(2, 7, 9)",
13763,9046,3451,965,58956,50,19,3,1100,0.11344194412231445,A1_2-7-9,55,A1,H10,identity,"(2, 7, 9)",
12068,5713,1736,400,58170,50,19,3,1100,0.08532309532165527,A1_2-8-9,11,A1,H10,identity,"(2, 8, 9)",
12668,5951,2114,600,58494,50,19,3,1100,0.09046006202697754,A1_2-8-9,22,A1,H10,identity,"(2, 8, 9)",
12674,7961,2876,602,58043,50,19,3,1100,0.08783698081970215,A1_2-8-9,33,A1,H10,identity,"(2, 8, 9)",
13472,6694,2546,868,57973,50,19,3,1100,0.08792591094970703,A1_2-8-9,44,A1,H10,identity,"(2, 8, 9)",
12686,8064,3008,606,58319,50,19,3,1100,0.11282134056091309,A1_2-8-9,55,A1,H10,identity,"(2, 8, 9)",
12440,8452,3167,604,57970,50,19,3,1100,0.1117391586303711,A1_3-4-5,11,A1,H10,identity,"(3, 4, 5)",
12443,8758,3364,603,57965,50,19,3,1100,0.10311698913574219,A1_3-4-5,22,A1,H10,identity,"(3, 4, 5)",
14504,9786,4089,1272,58362,50,19,3,1100,0.1297621726989746,A1_3-4-5,33,A1,H10,identity,"(3, 4, 5)",
14642,8354,3629,1314,58633,50,19,3,1100,0.11515593528747559,A1_3-4-5,44,A1,H10,identity,"(3, 4, 5)",
12755,8679,3350,661,58027,50,19,3,1100,0.1119539737701416,A1_3-4-5,55,A1,H10,identity,"(3, 4, 5)",
13019,8215,2935,733,58081,50,19,3,1100,0.08858489990234375,A1_3-4-6,11,A1,H10,identity,"(3, 4, 6)",
13031,8200,2955,737,58080,50,19,3,1100,0.08814287185668945,A1_3-4-6,22,A1,H10,identity,"(3, 4, 6)",
13535,9660,3678,905,58117,50,19,3,1100,0.08772921562194824,A1_3-4-6,33,A1,H10,identity,"(3, 4, 6)",
13835,9251,3503,1011,58486,50,19,3,1100,0.13842511177062988,A1_3-4-6,44,A1,H10,identity,"(3, 4, 6)",
13013,8197,2953,731,58079,50,19,3,1100,0.08943009376525879,A1_3-4-6,55,A1,H10,identity,"(3, 4, 6)",
12941,8226,2949,707,58013,50,19,3,1100,0.08871078491210938,A1_3-4-7,11,A1,H10,identity,"(3, 4, 7)",
12734,8254,3000,652,57974,50,19,3,1100,0.11151313781738281,A1_3-4-7,22,A1,H10,identity,"(3, 4, 7)",
14783,10719,4292,1321,58640,50,19,3,1100,0.08950304985046387,A1_3-4-7,33,A1,H10,identity,"(3, 4, 7)",
13316,8822,3268,832,58176,50,19,3,1100,0.12149810791015625,A1_3-4-7,44,A1,H10,identity,"(3, 4, 7)",
13238,8855,3343,806,58165,50,19,3,1100,0.08910369873046875,A1_3-4-7,55,A1,H10,identity,"(3, 4, 7)",
12347,8199,2957,509,58008,50,19,3,1100,0.08781909942626953,A1_3-4-8,11,A1,H10,identity,"(3, 4, 8)",
14120,11568,4348,1100,58481,50,19,3,1100,0.08925533294677734,A1_3-4-8,22,A1,H10,identity,"(3, 4, 8)",
12341,8210,2933,507,58059,50,19,3,1100,0.09100914001464844,A1_3-4-8,33,A1,H10,identity,"(3, 4, 8)",
13520,8569,3331,900,58185,50,19,3,1100,0.11313581466674805,A1_3-4-8,44,A1,H10,identity,"(3, 4, 8)",
14390,9166,3473,1190,58521,50,19,3,1100,0.08112001419067383,A1_3-4-8,55,A1,H10,identity,"(3, 4, 8)",
13076,9647,3698,752,58155,50,19,3,1100,0.0885460376739502,A1_3-4-9,11,A1,H10,identity,"(3, 4, 9)",
13181,8686,3139,791,58355,50,19,3,1100,0.11501097679138184,A1_3-4-9,22,A1,H10,identity,"(3, 4, 9)",
12764,8019,2896,648,58213,50,19,3,1100,0.11223483085632324,A1_3-4-9,33,A1,H10,identity,"(3, 4, 9)",
12620,8821,3171,600,58089,50,19,3,1100,0.08767914772033691,A1_3-4-9,44,A1,H10,identity,"(3, 4, 9)",
12620,8850,3186,600,58099,50,19,3,1100,0.08857583999633789,A1_3-4-9,55,A1,H10,identity,"(3, 4, 9)",
14633,10454,4021,1271,58543,50,19,3,1100,0.09186387062072754,A1_3-5-6,11,A1,H10,identity,"(3, 5, 6)",
13520,8443,3089,906,58403,50,19,3,1100,0.11402392387390137,A1_3-5-6,22,A1,H10,identity,"(3, 5, 6)",
13829,10113,3891,1003,58140,50,19,3,1100,0.11548900604248047,A1_3-5-6,33,A1,H10,identity,"(3, 5, 6)",
13637,9269,3457,959,58425,50,19,3,1100,0.11304998397827148,A1_3-5-6,44,A1,H10,identity,"(3, 5, 6)",
13823,10080,3879,1001,58139,50,19,3,1100,0.0907588005065918,A1_3-5-6,55,A1,H10,identity,"(3, 5, 6)",
13715,8764,3287,965,58226,50,19,3,1100,0.08958840370178223,A1_3-5-7,11,A1,H10,identity,"(3, 5, 7)",
13598,8796,3322,926,58428,50,19,3,1100,0.08692479133605957,A1_3-5-7,22,A1,H10,identity,"(3, 5, 7)",
13469,8820,3380,915,58219,50,19,3,1100,0.13990497589111328,A1_3-5-7,33,A1,H10,identity,"(3, 5, 7)",
13835,9141,3462,1005,58189,50,19,3,1100,0.0911402702331543,A1_3-5-7,44,A1,H10,identity,"(3, 5, 7)",
14003,9211,3607,1061,58499,50,19,3,1100,0.08840227127075195,A1_3-5-7,55,A1,H10,identity,"(3, 5, 7)",
12953,8410,3018,711,58192,50,19,3,1100,0.08751511573791504,A1_3-5-8,11,A1,H10,identity,"(3, 5, 8)",
13808,8047,3075,996,58295,50,19,3,1100,0.11375999450683594,A1_3-5-8,22,A1,H10,identity,"(3, 5, 8)",
14246,9229,3668,1142,58378,50,19,3,1100,0.09241008758544922,A1_3-5-8,33,A1,H10,identity,"(3, 5, 8)",
13604,8402,3114,928,58477,50,19,3,1100,0.08144211769104004,A1_3-5-8,44,A1,H10,identity,"(3, 5, 8)",
12935,8418,2992,705,58214,50,19,3,1100,0.07999467849731445,A1_3-5-8,55,A1,H10,identity,"(3, 5, 8)",
14009,9035,3401,1081,58981,50,19,3,1100,0.1138460636138916,A1_3-5-9,11,A1,H10,identity,"(3, 5, 9)",
12932,8406,3117,704,58289,50,19,3,1100,0.10771894454956055,A1_3-5-9,22,A1,H10,identity,"(3, 5, 9)",
13421,8668,3349,905,58354,50,19,3,1100,0.1145181655883789,A1_3-5-9,33,A1,H10,identity,"(3, 5, 9)",
12932,8408,3117,704,58264,50,19,3,1100,0.08594083786010742,A1_3-5-9,44,A1,H10,identity,"(3, 5, 9)",
12932,8402,3114,704,58264,50,19,3,1100,0.0872640609741211,A1_3-5-9,55,A1,H10,identity,"(3, 5, 9)",
14354,9214,3677,1162,59160,50,19,3,1100,0.09112906455993652,A1_3-6-7,11,A1,H10,identity,"(3, 6, 7)",
14471,8990,3555,1201,59182,50,19,3,1100,0.1132199764251709,A1_3-6-7,22,A1,H10,identity,"(3, 6, 7)",
14309,8651,3301,1147,58354,50,19,3,1100,0.09618473052978516,A1_3-6-7,33,A1,H10,identity,"(3, 6, 7)",
14270,8656,3202,1134,58064,50,19,3,1100,0.09004402160644531,A1_3-6-7,44,A1,H10,identity,"(3, 6, 7)",
13304,9118,3535,812,58698,50,19,3,1100,0.09041714668273926,A1_3-6-7,55,A1,H10,identity,"(3, 6, 7)",
15752,11724,4732,1636,59110,50,19,3,1100,0.13379716873168945,A1_3-6-8,11,A1,H10,identity,"(3, 6, 8)",
13865,8045,3018,999,58203,50,19,3,1100,0.08886933326721191,A1_3-6-8,22,A1,H10,identity,"(3, 6, 8)",
13331,8054,2726,821,58223,50,19,3,1100,0.08807706832885742,A1_3-6-8,33,A1,H10,identity,"(3, 6, 8)",
14381,9398,3755,1171,58534,50,19,3,1100,0.09196114540100098,A1_3-6-8,44,A1,H10,identity,"(3, 6, 8)",
14462,9740,3902,1198,58532,50,19,3,1100,0.09016299247741699,A1_3-6-8,55,A1,H10,identity,"(3, 6, 8)",
13415,9059,3435,849,58137,50,19,3,1100,0.11275005340576172,A1_3-6-9,11,A1,H10,identity,"(3, 6, 9)",
13748,9210,3748,960,58595,50,19,3,1100,0.09016585350036621,A1_3-6-9,22,A1,H10,identity,"(3, 6, 9)",
12818,6141,2134,650,58135,50,19,3,1100,0.0891580581665039,A1_3-6-9,33,A1,H10,identity,"(3, 6, 9)",
14348,9478,3962,1160,58334,50,19,3,1100,0.09451508522033691,A1_3-6-9,44,A1,H10,identity,"(3, 6, 9)",
13385,9098,3413,839,58191,50,19,3,1100,0.08723807334899902,A1_3-6-9,55,A1,H10,identity,"(3, 6, 9)",
12737,8034,2734,623,58016,50,19,3,1100,0.1120760440826416,A1_3-7-8,11,A1,H10,identity,"(3, 7, 8)",
13949,8035,2921,1027,58208,50,19,3,1100,0.0904388427734375,A1_3-7-8,22,A1,H10,identity,"(3, 7, 8)",
12731,8042,2727,621,58014,50,19,3,1100,0.08661413192749023,A1_3-7-8,33,A1,H10,identity,"(3, 7, 8)",
13886,6500,2498,1006,58234,50,19,3,1100,0.09037017822265625,A1_3-7-8,44,A1,H10,identity,"(3, 7, 8)",
14399,9992,3939,1177,58527,50,19,3,1100,0.11292076110839844,A1_3-7-8,55,A1,H10,identity,"(3, 7, 8)",
13790,7935,2936,974,58382,50,19,3,1100,0.09012484550476074,A1_3-7-9,11,A1,H10,identity,"(3, 7, 9)",
13958,10321,3667,1030,58408,50,19,3,1100,0.0890648365020752,A1_3-7-9,22,A1,H10,identity,"(3, 7, 9)",
13766,7894,2941,966,58354,50,19,3,1100,0.0894160270690918,A1_3-7-9,33,A1,H10,identity,"(3, 7, 9)",
13268,6538,2313,800,57811,50,19,3,1100,0.0885319709777832,A1_3-7-9,44,A1,H10,identity,"(3, 7, 9)",
13964,9011,3422,1032,58507,50,19,3,1100,0.1162710189819336,A1_3-7-9,55,A1,H10,identity,"(3, 7, 9)",
13400,6599,2356,844,58255,50,19,3,1100,0.08728599548339844,A1_3-8-9,11,A1,H10,identity,"(3, 8, 9)",
12872,7599,2663,668,57871,50,19,3,1100,0.08640599250793457,A1_3-8-9,22,A1,H10,identity,"(3, 8, 9)",
12977,8043,2935,703,58187,50,19,3,1100,0.08663797378540039,A1_3-8-9,33,A1,H10,identity,"(3, 8, 9)",
12668,6293,2079,600,57873,50,19,3,1100,0.08714103698730469,A1_3-8-9,44,A1,H10,identity,"(3, 8, 9)",
12980,8043,2941,704,58187,50,19,3,1100,0.11156702041625977,A1_3-8-9,55,A1,H10,identity,"(3, 8, 9)",
14468,9714,4059,1252,58638,50,19,3,1100,0.11452388763427734,A1_4-5-6,11,A1,H10,identity,"(4, 5, 6)",
14336,9612,3979,1210,58533,50,19,3,1100,0.11418986320495605,A1_4-5-6,22,A1,H10,identity,"(4, 5, 6)",
12749,8959,3382,665,58113,50,19,3,1100,0.11278080940246582,A1_4-5-6,33,A1,H10,identity,"(4, 5, 6)",
14519,9807,4061,1269,58634,50,19,3,1100,0.13972806930541992,A1_4-5-6,44,A1,H10,identity,"(4, 5, 6)",
14192,9082,3626,1174,58420,50,19,3,1100,0.11362600326538086,A1_4-5-6,55,A1,H10,identity,"(4, 5, 6)",
13169,8301,2973,799,58134,50,19,3,1100,0.08758115768432617,A1_4-5-7,11,A1,H10,identity,"(4, 5, 7)",
13406,8440,3081,926,58405,50,19,3,1100,0.11631178855895996,A1_4-5-7,22,A1,H10,identity,"(4, 5, 7)",
13256,8667,3353,854,58111,50,19,3,1100,0.11244082450866699,A1_4-5-7,33,A1,H10,identity,"(4, 5, 7)",
14324,9501,3931,1228,58441,50,19,3,1100,0.14095687866210938,A1_4-5-7,44,A1,H10,identity,"(4, 5, 7)",
13256,8710,3365,852,58143,50,19,3,1100,0.11214017868041992,A1_4-5-7,55,A1,H10,identity,"(4, 5, 7)",
12623,8339,2997,701,58064,50,19,3,1100,0.11479425430297852,A1_4-5-8,11,A1,H10,identity,"(4, 5, 8)",
12272,5786,1939,500,57810,50,19,3,1100,0.08762073516845703,A1_4-5-8,22,A1,H10,identity,"(4, 5, 8)",
12272,5795,1940,500,57858,50,19,3,1100,0.0890660285949707,A1_4-5-8,33,A1,H10,identity,"(4, 5, 8)",
12656,8395,3030,702,58096,50,19,3,1100,0.1374340057373047,A1_4-5-8,44,A1,H10,identity,"(4, 5, 8)",
13631,8381,3171,1003,58275,50,19,3,1100,0.11503100395202637,A1_4-5-8,55,A1,H10,identity,"(4, 5, 8)",
13163,9397,3686,829,58143,50,19,3,1100,0.11078190803527832,A1_4-5-9,11,A1,H10,identity,"(4, 5, 9)",
11840,8032,2744,404,57897,50,19,3,1100,0.10904479026794434,A1_4-5-9,22,A1,H10,identity,"(4, 5, 9)",
11840,8032,2744,404,57897,50,19,3,1100,0.13517999649047852,A1_4-5-9,33,A1,H10,identity,"(4, 5, 9)",
12197,10350,3243,515,58450,50,19,3,1100,0.11374902725219727,A1_4-5-9,44,A1,H10,identity,"(4, 5, 9)",
11843,8006,2743,405,57922,50,19,3,1100,0.1105499267578125,A1_4-5-9,55,A1,H10,identity,"(4, 5, 9)",
14510,8709,3317,1252,58552,50,19,3,1100,0.11568593978881836,A1_4-6-7,11,A1,H10,identity,"(4, 6, 7)",
14708,9416,3751,1298,58411,50,19,3,1100,0.10731911659240723,A1_4-6-7,22,A1,H10,identity,"(4, 6, 7)",
13886,9208,3743,1028,58300,50,19,3,1100,0.1331777572631836,A1_4-6-7,33,A1,H10,identity,"(4, 6, 7)",
13949,9187,3565,1043,58940,50,19,3,1100,0.08931088447570801,A1_4-6-7,44,A1,H10,identity,"(4, 6, 7)",
13976,9848,3816,1052,58353,50,19,3,1100,0.08947610855102539,A1_4-6-7,55,A1,H10,identity,"(4, 6, 7)",
13361,8646,3145,847,58451,50,19,3,1100,0.08898210525512695,A1_4-6-8,11,A1,H10,identity,"(4, 6, 8)",
13940,10389,3610,1062,58524,50,19,3,1100,0.11700105667114258,A1_4-6-8,22,A1,H10,identity,"(4, 6, 8)",
13763,9059,3481,985,58379,50,19,3,1100,0.13890600204467773,A1_4-6-8,33,A1,H10,identity,"(4, 6, 8)",
13313,6854,2519,831,58080,50,19,3,1100,0.08735084533691406,A1_4-6-8,44,A1,H10,identity,"(4, 6, 8)",
14021,9543,3523,1097,58380,50,19,3,1100,0.11336016654968262,A1_4-6-8,55,A1,H10,identity,"(4, 6, 8)",
13385,9595,3487,901,58172,50,19,3,1100,0.1141960620880127,A1_4-6-9,11,A1,H10,identity,"(4, 6, 9)",
13442,8103,2919,892,58223,50,19,3,1100,0.13887310028076172,A1_4-6-9,22,A1,H10,identity,"(4, 6, 9)",
13031,8748,3321,737,58296,50,19,3,1100,0.08814096450805664,A1_4-6-9,33,A1,H10,identity,"(4, 6, 9)",
12650,8328,2905,610,58138,50,19,3,1100,0.08672213554382324,A1_4-6-9,44,A1,H10,identity,"(4, 6, 9)",
13043,9041,3439,747,58147,50,19,3,1100,0.11523270606994629,A1_4-6-9,55,A1,H10,identity,"(4, 6, 9)",
14258,8286,3389,1190,58646,50,19,3,1100,0.11498498916625977,A1_4-7-8,11,A1,H10,identity,"(4, 7, 8)",
13274,8588,3194,830,58363,50,19,3,1100,0.13655805587768555,A1_4-7-8,22,A1,H10,identity,"(4, 7, 8)",
13604,6862,2580,928,58427,50,19,3,1100,0.0892937183380127,A1_4-7-8,33,A1,H10,identity,"(4, 7, 8)",
13586,6830,2550,922,58430,50,19,3,1100,0.0987708568572998,A1_4-7-8,44,A1,H10,identity,"(4, 7, 8)",
14135,8753,3378,1111,58659,50,19,3,1100,0.11810803413391113,A1_4-7-8,55,A1,H10,identity,"(4, 7, 8)",
13355,8228,3115,881,58151,50,19,3,1100,0.1173560619354248,A1_4-7-9,11,A1,H10,identity,"(4, 7, 9)",
13202,6827,2658,794,58239,50,19,3,1100,0.11808013916015625,A1_4-7-9,22,A1,H10,identity,"(4, 7, 9)",
12866,7862,2769,704,58133,50,19,3,1100,0.11501002311706543,A1_4-7-9,33,A1,H10,identity,"(4, 7, 9)",
13310,8412,3102,830,58378,50,19,3,1100,0.0876309871673584,A1_4-7-9,44,A1,H10,identity,"(4, 7, 9)",
13298,8359,3148,834,58276,50,19,3,1100,0.11128759384155273,A1_4-7-9,55,A1,H10,identity,"(4, 7, 9)",
12908,7852,2669,726,58325,50,19,3,1100,0.1342158317565918,A1_4-8-9,11,A1,H10,identity,"(4, 8, 9)",
12944,7170,2643,708,58241,50,19,3,1100,0.08972001075744629,A1_4-8-9,22,A1,H10,identity,"(4, 8, 9)",
14054,10693,3812,1080,58850,50,19,3,1100,0.10582304000854492,A1_4-8-9,33,A1,H10,identity,"(4, 8, 9)",
13520,8263,3097,900,58556,50,19,3,1100,0.08903908729553223,A1_4-8-9,44,A1,H10,identity,"(4, 8, 9)",
12296,7236,2390,492,58082,50,19,3,1100,0.08661007881164551,A1_4-8-9,55,A1,H10,identity,"(4, 8, 9)",
13529,8953,3870,903,58135,50,19,3,1100,0.11589670181274414,A1_5-6-7,11,A1,H10,identity,"(5, 6, 7)",
13733,8585,3411,971,58479,50,19,3,1100,0.08742499351501465,A1_5-6-7,22,A1,H10,identity,"(5, 6, 7)",
13247,8821,3596,809,58061,50,19,3,1100,0.08782815933227539,A1_5-6-7,33,A1,H10,identity,"(5, 6, 7)",
13715,8648,3423,969,58358,50,19,3,1100,0.11163902282714844,A1_5-6-7,44,A1,H10,identity,"(5, 6, 7)",
12629,8471,3361,603,58035,50,19,3,1100,0.08867383003234863,A1_5-6-7,55,A1,H10,identity,"(5, 6, 7)",
13856,8338,3085,1012,58534,50,19,3,1100,0.1114811897277832,A1_5-6-8,11,A1,H10,identity,"(5, 6, 8)",
13823,8957,3406,1001,58416,50,19,3,1100,0.0884251594543457,A1_5-6-8,22,A1,H10,identity,"(5, 6, 8)",
13826,8970,3454,1002,58421,50,19,3,1100,0.08915138244628906,A1_5-6-8,33,A1,H10,identity,"(5, 6, 8)",
13532,8187,3104,904,58281,50,19,3,1100,0.0902097225189209,A1_5-6-8,44,A1,H10,identity,"(5, 6, 8)",
13058,9022,3415,746,58300,50,19,3,1100,0.11165690422058105,A1_5-6-8,55,A1,H10,identity,"(5, 6, 8)",
12323,8299,3037,501,58012,50,19,3,1100,0.08690404891967773,A1_5-6-9,11,A1,H10,identity,"(5, 6, 9)",
12323,8301,3037,501,58012,50,19,3,1100,0.08620524406433105,A1_5-6-9,22,A1,H10,identity,"(5, 6, 9)",
14312,9184,3477,1164,58819,50,19,3,1100,0.09128808975219727,A1_5-6-9,33,A1,H10,identity,"(5, 6, 9)",
12029,8218,2931,403,57965,50,19,3,1100,0.08638787269592285,A1_5-6-9,44,A1,H10,identity,"(5, 6, 9)",
13343,9321,3722,841,58138,50,19,3,1100,0.11470603942871094,A1_5-6-9,55,A1,H10,identity,"(5, 6, 9)",
14144,10287,4385,1108,58605,50,19,3,1100,0.08848094940185547,A1_5-7-8,11,A1,H10,identity,"(5, 7, 8)",
13364,7789,2752,848,58238,50,19,3,1100,0.08942103385925293,A1_5-7-8,22,A1,H10,identity,"(5, 7, 8)",
13655,8584,3279,981,58233,50,19,3,1100,0.1137080192565918,A1_5-7-8,33,A1,H10,identity,"(5, 7, 8)",
13196,8649,3186,794,58216,50,19,3,1100,0.11242794990539551,A1_5-7-8,44,A1,H10,identity,"(5, 7, 8)",
13610,9004,3567,930,58446,50,19,3,1100,0.11279582977294922,A1_5-7-8,55,A1,H10,identity,"(5, 7, 8)",
13187,8265,2959,789,58318,50,19,3,1100,0.08958220481872559,A1_5-7-9,11,A1,H10,identity,"(5, 7, 9)",
12953,8312,3049,711,58141,50,19,3,1100,0.08664417266845703,A1_5-7-9,22,A1,H10,identity,"(5, 7, 9)",
13190,6188,2101,794,58089,50,19,3,1100,0.11197328567504883,A1_5-7-9,33,A1,H10,identity,"(5, 7, 9)",
12947,8304,3047,709,58110,50,19,3,1100,0.1095890998840332,A1_5-7-9,44,A1,H10,identity,"(5, 7, 9)",
13148,6136,2070,780,58086,50,19,3,1100,0.1136322021484375,A1_5-7-9,55,A1,H10,identity,"(5, 7, 9)",
12740,7970,2732,640,58269,50,19,3,1100,0.08590412139892578,A1_5-8-9,11,A1,H10,identity,"(5, 8, 9)",
12020,5671,1694,400,57753,50,19,3,1100,0.08562302589416504,A1_5-8-9,22,A1,H10,identity,"(5, 8, 9)",
12827,8496,3199,669,58133,50,19,3,1100,0.08716511726379395,A1_5-8-9,33,A1,H10,identity,"(5, 8, 9)",
12812,7119,2454,664,57909,50,19,3,1100,0.11455106735229492,A1_5-8-9,44,A1,H10,identity,"(5, 8, 9)",
12080,5531,1752,420,57845,50,19,3,1100,0.08641314506530762,A1_5-8-9,55,A1,H10,identity,"(5, 8, 9)",
13574,9893,3823,902,58293,50,19,3,1100,0.0864250659942627,A1_6-7-8,11,A1,H10,identity,"(6, 7, 8)",
12668,6012,2422,600,57795,50,19,3,1100,0.08688497543334961,A1_6-7-8,22,A1,H10,identity,"(6, 7, 8)",
13112,9769,3830,748,58366,50,19,3,1100,0.08727788925170898,A1_6-7-8,33,A1,H10,identity,"(6, 7, 8)",
13865,10984,4366,999,58170,50,19,3,1100,0.1138145923614502,A1_6-7-8,44,A1,H10,identity,"(6, 7, 8)",
12668,6053,2420,600,57733,50,19,3,1100,0.08633303642272949,A1_6-7-8,55,A1,H10,identity,"(6, 7, 8)",
13268,8703,3505,800,58343,50,19,3,1100,0.08649611473083496,A1_6-7-9,11,A1,H10,identity,"(6, 7, 9)",
12728,6536,2315,620,57847,50,19,3,1100,0.08492183685302734,A1_6-7-9,22,A1,H10,identity,"(6, 7, 9)",
12680,5910,2328,604,57884,50,19,3,1100,0.11198091506958008,A1_6-7-9,33,A1,H10,identity,"(6, 7, 9)",
14123,11332,3987,1085,58331,50,19,3,1100,0.08749628067016602,A1_6-7-9,44,A1,H10,identity,"(6, 7, 9)",
13562,9856,3804,898,58122,50,19,3,1100,0.0873560905456543,A1_6-7-9,55,A1,H10,identity,"(6, 7, 9)",
12674,6786,2136,602,57910,50,19,3,1100,0.08676791191101074,A1_6-8-9,11,A1,H10,identity,"(6, 8, 9)",
12068,5475,1801,400,57717,50,19,3,1100,0.08614921569824219,A1_6-8-9,22,A1,H10,identity,"(6, 8, 9)",
12674,5981,2325,602,57879,50,19,3,1100,0.11093616485595703,A1_6-8-9,33,A1,H10,identity,"(6, 8, 9)",
13382,10095,3330,838,58941,50,19,3,1100,0.08829188346862793,A1_6-8-9,44,A1,H10,identity,"(6, 8, 9)",
12074,5620,1690,402,57861,50,19,3,1100,0.08348512649536133,A1_6-8-9,55,A1,H10,identity,"(6, 8, 9)",
13046,6836,2553,726,58289,50,19,3,1100,0.0890500545501709,A1_7-8-9,11,A1,H10,identity,"(7, 8, 9)",
12068,6430,2359,400,57735,50,19,3,1100,0.08636283874511719,A1_7-8-9,22,A1,H10,identity,"(7, 8, 9)",
12764,11028,3716,632,57946,50,19,3,1100,0.1108253002166748,A1_7-8-9,33,A1,H10,identity,"(7, 8, 9)",
12995,9351,3711,709,58153,50,19,3,1100,0.08512616157531738,A1_7-8-9,44,A1,H10,identity,"(7, 8, 9)",
12068,6461,2354,400,57758,50,19,3,1100,0.08594989776611328,A1_7-8-9,55,A1,H10,identity,"(7, 8, 9)",
12710,7088,2400,634,58125,50,19,3,1100,0.11220717430114746,A2_identity,11,A2,H10,identity,default,
13208,8709,3195,802,58786,50,19,3,1100,0.1374819278717041,A2_identity,22,A2,H10,identity,default,
12701,7876,2655,627,58201,50,19,3,1100,0.08755373954772949,A2_identity,33,A2,H10,identity,default,
12902,7522,2540,702,58289,50,19,3,1100,0.11419081687927246,A2_identity,44,A2,H10,identity,default,
12548,7881,2804,616,58114,50,19,3,1100,0.11284089088439941,A2_identity,55,A2,H10,identity,default,
12503,8506,3179,561,58253,50,19,3,1100,0.08665895462036133,A2_reverse,11,A2,H10,reverse,default,
12032,7957,2688,404,58006,50,19,3,1100,0.11113286018371582,A2_reverse,22,A2,H10,reverse,default,
12320,6267,2052,500,57930,50,19,3,1100,0.08841514587402344,A2_reverse,33,A2,H10,reverse,default,
12518,8512,3188,566,58272,50,19,3,1100,0.0859529972076416,A2_reverse,44,A2,H10,reverse,default,
12335,5997,2005,505,58287,50,19,3,1100,0.08842992782592773,A2_reverse,55,A2,H10,reverse,default,
26525,15964,7709,5287,61903,50,19,3,1100,0.1521320343017578,A2_physical,11,A2,H10,physical,default,
26615,16398,7964,5327,61830,50,19,3,1100,0.19938015937805176,A2_physical,22,A2,H10,physical,default,
26231,15888,7646,5191,61948,50,19,3,1100,0.16721463203430176,A2_physical,33,A2,H10,physical,default,
26516,16297,7928,5276,61805,50,19,3,1100,0.15233492851257324,A2_physical,44,A2,H10,physical,default,
26693,15931,7770,5339,61901,50,19,3,1100,0.1523430347442627,A2_physical,55,A2,H10,physical,default,
26558,15963,7506,5282,62075,50,19,3,1100,0.17749714851379395,A2_physical_reverse,11,A2,H10,physical_reverse,default,
26225,15398,7280,5175,61992,50,19,3,1100,0.15237927436828613,A2_physical_reverse,22,A2,H10,physical_reverse,default,
26276,15650,7436,5184,61916,50,19,3,1100,0.1555020809173584,A2_physical_reverse,33,A2,H10,physical_reverse,default,
26387,15617,7401,5227,62143,50,19,3,1100,0.19570708274841309,A2_physical_reverse,44,A2,H10,physical_reverse,default,
26582,16369,7672,5294,61991,50,19,3,1100,0.1522817611694336,A2_physical_reverse,55,A2,H10,physical_reverse,default,
16004,6538,2589,1800,58738,50,19,3,1100,0.14758610725402832,A2_rand030,11,A2,H10,rand030,default,
16526,8870,3527,1926,59003,50,19,3,1100,0.11795401573181152,A2_rand030,22,A2,H10,rand030,default,
16160,6609,2650,1838,58734,50,19,3,1100,0.11423206329345703,A2_rand030,33,A2,H10,rand030,default,
16865,9004,3661,2045,59167,50,19,3,1100,0.11499905586242676,A2_rand030,44,A2,H10,rand030,default,
16226,6613,2663,1860,58780,50,19,3,1100,0.11404681205749512,A2_rand030,55,A2,H10,rand030,default,
21878,12793,5608,3720,60517,50,19,3,1100,0.17809104919433594,A2_rand034,11,A2,H10,rand034,default,
19454,10492,4239,2906,60090,50,19,3,1100,0.12236475944519043,A2_rand034,22,A2,H10,rand034,default,
20828,10762,4682,3366,59879,50,19,3,1100,0.14465832710266113,A2_rand034,33,A2,H10,rand034,default,
20651,12012,5188,3345,60417,50,19,3,1100,0.15485906600952148,A2_rand034,44,A2,H10,rand034,default,
21116,12530,5435,3472,60468,50,19,3,1100,0.1797199249267578,A2_rand034,55,A2,H10,rand034,default,
21431,11913,5205,3553,60185,50,19,3,1100,0.10936212539672852,A2_rand002,11,A2,H10,rand002,default,
22196,12827,5673,3818,60730,50,19,3,1100,0.15409493446350098,A2_rand002,22,A2,H10,rand002,default,
21137,11103,4874,3455,60165,50,19,3,1100,0.10475397109985352,A2_rand002,33,A2,H10,rand002,default,
22508,12985,5891,3940,60798,50,19,3,1100,0.14324283599853516,A2_rand002,44,A2,H10,rand002,default,
21458,11996,5258,3562,60582,50,19,3,1100,0.13160204887390137,A2_rand002,55,A2,H10,rand002,default,
25658,15164,7039,4980,62018,50,19,3,1100,0.16390109062194824,A2_rand038,11,A2,H10,rand038,default,
25745,15978,7419,5007,61848,50,19,3,1100,0.1362309455871582,A2_rand038,22,A2,H10,rand038,default,
23870,12669,5790,4376,60984,50,19,3,1100,0.16191887855529785,A2_rand038,33,A2,H10,rand038,default,
25619,15886,7476,4967,61893,50,19,3,1100,0.18724703788757324,A2_rand038,44,A2,H10,rand038,default,
25664,16130,7565,4970,61819,50,19,3,1100,0.1499619483947754,A2_rand038,55,A2,H10,rand038,default,
24887,15166,7171,4719,61452,50,19,3,1100,0.16535210609436035,A2_rand033,11,A2,H10,rand033,default,
25031,15410,7311,4777,61457,50,19,3,1100,0.16870689392089844,A2_rand033,22,A2,H10,rand033,default,
25766,15488,7336,5018,61527,50,19,3,1100,0.165147066116333,A2_rand033,33,A2,H10,rand033,default,
25358,15692,7235,4890,61810,50,19,3,1100,0.21837425231933594,A2_rand033,44,A2,H10,rand033,default,
25280,14491,6917,4856,61543,50,19,3,1100,0.1683058738708496,A2_rand033,55,A2,H10,rand033,default,
22001,14064,6213,3805,60885,50,19,3,1100,0.13739728927612305,A2_rand019,11,A2,H10,rand019,default,
20972,14133,5959,3440,60774,50,19,3,1100,0.1537032127380371,A2_rand019,22,A2,H10,rand019,default,
20642,13549,5630,3380,60408,50,19,3,1100,0.14924287796020508,A2_rand019,33,A2,H10,rand019,default,
21101,13727,5918,3509,60691,50,19,3,1100,0.16115021705627441,A2_rand019,44,A2,H10,rand019,default,
17678,11289,4267,2412,59520,50,19,3,1100,0.13227009773254395,A2_rand019,55,A2,H10,rand019,default,
24989,15168,6858,4751,61648,50,19,3,1100,0.16229701042175293,A2_rand044,11,A2,H10,rand044,default,
24980,15196,6839,4736,61653,50,19,3,1100,0.12126898765563965,A2_rand044,22,A2,H10,rand044,default,
25160,15375,7148,4806,61762,50,19,3,1100,0.18801307678222656,A2_rand044,33,A2,H10,rand044,default,
24929,15457,7023,4733,61703,50,19,3,1100,0.14912009239196777,A2_rand044,44,A2,H10,rand044,default,
24566,15320,6946,4600,61666,50,19,3,1100,0.14842796325683594,A2_rand044,55,A2,H10,rand044,default,
24077,14763,6693,4425,61119,50,19,3,1100,0.14838671684265137,A2_rand012,11,A2,H10,rand012,default,
22142,13392,6114,3788,60384,50,19,3,1100,0.13716673851013184,A2_rand012,22,A2,H10,rand012,default,
23150,12918,6001,4116,60470,50,19,3,1100,0.16671395301818848,A2_rand012,33,A2,H10,rand012,default,
24509,15681,7166,4577,61517,50,19,3,1100,0.145643949508667,A2_rand012,44,A2,H10,rand012,default,
22868,13004,6044,4026,60537,50,19,3,1100,0.17786312103271484,A2_rand012,55,A2,H10,rand012,default,
20966,12497,6033,3436,60378,50,19,3,1100,0.15701508522033691,A2_rand009,11,A2,H10,rand009,default,
21341,12746,6093,3533,60479,50,19,3,1100,0.13866686820983887,A2_rand009,22,A2,H10,rand009,default,
20930,12269,5936,3410,60272,50,19,3,1100,0.17462801933288574,A2_rand009,33,A2,H10,rand009,default,
21656,12951,6111,3654,60584,50,19,3,1100,0.17786288261413574,A2_rand009,44,A2,H10,rand009,default,
21881,12980,6014,3729,60663,50,19,3,1100,0.1810450553894043,A2_rand009,55,A2,H10,rand009,default,
26120,15684,7242,5072,61723,50,19,3,1100,0.17057585716247559,A2_rand013,11,A2,H10,rand013,default,
25904,13015,6061,4998,61738,50,19,3,1100,0.17183899879455566,A2_rand013,22,A2,H10,rand013,default,
26267,15917,7389,5125,61945,50,19,3,1100,0.1547558307647705,A2_rand013,33,A2,H10,rand013,default,
26171,15612,7330,5087,61771,50,19,3,1100,0.15259695053100586,A2_rand013,44,A2,H10,rand013,default,
26060,15510,7284,5050,61825,50,19,3,1100,0.15943503379821777,A2_rand013,55,A2,H10,rand013,default,
19490,10766,4438,2938,59599,50,19,3,1100,0.13725519180297852,A2_rand049,11,A2,H10,rand049,default,
19283,8717,3605,2903,59401,50,19,3,1100,0.14682483673095703,A2_rand049,22,A2,H10,rand049,default,
17594,6861,2705,2346,58879,50,19,3,1100,0.11754012107849121,A2_rand049,33,A2,H10,rand049,default,
20429,12590,5462,3261,60197,50,19,3,1100,0.1247551441192627,A2_rand049,44,A2,H10,rand049,default,
20030,11852,5081,3116,59952,50,19,3,1100,0.12463688850402832,A2_rand049,55,A2,H10,rand049,default,
19235,12603,5073,2775,60172,50,19,3,1100,0.14628887176513672,A2_rand015,11,A2,H10,rand015,default,
19586,10207,4203,2890,61282,50,19,3,1100,0.1279160976409912,A2_rand015,22,A2,H10,rand015,default,
19592,10017,4160,2892,61217,50,19,3,1100,0.10533499717712402,A2_rand015,33,A2,H10,rand015,default,
20747,13267,5621,3281,60957,50,19,3,1100,0.15393400192260742,A2_rand015,44,A2,H10,rand015,default,
19265,11463,4689,2783,60033,50,19,3,1100,0.10060000419616699,A2_rand015,55,A2,H10,rand015,default,
24167,15946,7374,4453,61257,50,19,3,1100,0.15781497955322266,A2_rand043,11,A2,H10,rand043,default,
24008,15816,7332,4404,61407,50,19,3,1100,0.15988421440124512,A2_rand043,22,A2,H10,rand043,default,
23384,14884,6901,4200,61255,50,19,3,1100,0.17302584648132324,A2_rand043,33,A2,H10,rand043,default,
24143,15374,7030,4449,61335,50,19,3,1100,0.13353610038757324,A2_rand043,44,A2,H10,rand043,default,
23510,14840,6904,4240,61273,50,19,3,1100,0.1593177318572998,A2_rand043,55,A2,H10,rand043,default,
24203,15086,6934,4517,61346,50,19,3,1100,0.16971302032470703,A2_rand008,11,A2,H10,rand008,default,
24605,15253,6847,4627,61793,50,19,3,1100,0.1486959457397461,A2_rand008,22,A2,H10,rand008,default,
23996,14803,6903,4438,61426,50,19,3,1100,0.1462879180908203,A2_rand008,33,A2,H10,rand008,default,
25091,15608,7314,4799,61820,50,19,3,1100,0.14825701713562012,A2_rand008,44,A2,H10,rand008,default,
24569,15225,7059,4635,61589,50,19,3,1100,0.16190314292907715,A2_rand008,55,A2,H10,rand008,default,
19058,10736,4792,2864,59368,50,19,3,1100,0.14706778526306152,A2_rand027,11,A2,H10,rand027,default,
21953,14852,6694,3777,60440,50,19,3,1100,0.15363669395446777,A2_rand027,22,A2,H10,rand027,default,
21872,13676,6053,3740,60517,50,19,3,1100,0.13908672332763672,A2_rand027,33,A2,H10,rand027,default,
22442,13312,6327,3942,60414,50,19,3,1100,0.14194297790527344,A2_rand027,44,A2,H10,rand027,default,
20921,13302,6105,3443,59812,50,19,3,1100,0.16170215606689453,A2_rand027,55,A2,H10,rand027,default,
24026,14633,7259,4442,60591,50,19,3,1100,0.238555908203125,A2_rand029,11,A2,H10,rand029,default,
20531,10501,4587,3281,60284,50,19,3,1100,0.12706375122070312,A2_rand029,22,A2,H10,rand029,default,
24479,15679,7244,4593,61083,50,19,3,1100,0.1994922161102295,A2_rand029,33,A2,H10,rand029,default,
24200,14852,7088,4496,61291,50,19,3,1100,0.162031888961792,A2_rand029,44,A2,H10,rand029,default,
23363,13945,6879,4223,60479,50,19,3,1100,0.22059011459350586,A2_rand029,55,A2,H10,rand029,default,
12710,7088,2400,634,58125,50,19,3,1100,0.11113286018371582,H10_identity_default,11,A3,,,,300.32 mHa
13208,8709,3195,802,58786,50,19,3,1100,0.11574387550354004,H10_identity_default,22,A3,,,,300.32 mHa
12701,7876,2655,627,58201,50,19,3,1100,0.08708405494689941,H10_identity_default,33,A3,,,,300.32 mHa
12902,7522,2540,702,58289,50,19,3,1100,0.11135077476501465,H10_identity_default,44,A3,,,,300.32 mHa
12548,7881,2804,616,58114,50,19,3,1100,0.13826775550842285,H10_identity_default,55,A3,,,,300.32 mHa
13016,6626,2558,716,58766,50,19,3,1100,0.09196209907531738,H10_identity_best_012,11,A3,,,,224.60 mHa
12896,9025,3571,676,58327,50,19,3,1100,0.0869288444519043,H10_identity_best_012,22,A3,,,,224.60 mHa
11774,6167,2168,302,57963,50,19,3,1100,0.08551502227783203,H10_identity_best_012,33,A3,,,,224.60 mHa
13028,6646,2562,720,58780,50,19,3,1100,0.1123342514038086,H10_identity_best_012,44,A3,,,,224.60 mHa
13022,6664,2579,718,58775,50,19,3,1100,0.09242010116577148,H10_identity_best_012,55,A3,,,,224.60 mHa
12584,6365,2219,572,58998,50,19,3,1100,0.08713483810424805,H10_identity_S0_top_019,11,A3,,,,n/a (S0 top pick)
11468,5223,1620,200,58203,50,19,3,1100,0.08844494819641113,H10_identity_S0_top_019,22,A3,,,,n/a (S0 top pick)
11321,9557,2806,151,57619,50,19,3,1100,0.08543205261230469,H10_identity_S0_top_019,33,A3,,,,n/a (S0 top pick)
11468,5223,1620,200,58203,50,19,3,1100,0.11593914031982422,H10_identity_S0_top_019,44,A3,,,,n/a (S0 top pick)
12107,8004,2641,413,58030,50,19,3,1100,0.08689689636230469,H10_identity_S0_top_019,55,A3,,,,n/a (S0 top pick)
26525,15964,7709,5287,61903,50,19,3,1100,0.15201210975646973,H10_physical_default,11,A3,,,,389.71 mHa
26615,16398,7964,5327,61830,50,19,3,1100,0.1712021827697754,H10_physical_default,22,A3,,,,389.71 mHa
26231,15888,7646,5191,61948,50,19,3,1100,0.16954970359802246,H10_physical_default,33,A3,,,,389.71 mHa
26516,16297,7928,5276,61805,50,19,3,1100,0.1779170036315918,H10_physical_default,44,A3,,,,389.71 mHa
26693,15931,7770,5339,61901,50,19,3,1100,0.1493241786956787,H10_physical_default,55,A3,,,,389.71 mHa
26912,16338,7818,5426,61871,50,19,3,1100,0.19935083389282227,H10_physical_best_247,11,A3,,,,172.15 mHa
26642,15545,7451,5322,62147,50,19,3,1100,0.1720879077911377,H10_physical_best_247,22,A3,,,,172.15 mHa
27023,16310,7695,5459,62101,50,19,3,1100,0.19791626930236816,H10_physical_best_247,33,A3,,,,172.15 mHa
26720,15952,7716,5368,61912,50,19,3,1100,0.1867823600769043,H10_physical_best_247,44,A3,,,,172.15 mHa
26966,16402,7853,5424,62123,50,19,3,1100,0.13983488082885742,H10_physical_best_247,55,A3,,,,172.15 mHa
10568,4808,1218,0,57168,50,19,0,950,0.0784602165222168,H10_identity_no_ab,11,A3,,,,458.70 mHa
10568,4808,1218,0,57168,50,19,0,950,0.07872319221496582,H10_identity_no_ab,22,A3,,,,458.70 mHa
10568,4808,1218,0,57168,50,19,0,950,0.10736703872680664,H10_identity_no_ab,33,A3,,,,458.70 mHa
10568,4808,1218,0,57168,50,19,0,950,0.07782912254333496,H10_identity_no_ab,44,A3,,,,458.70 mHa
10568,4808,1218,0,57168,50,19,0,950,0.07819795608520508,H10_identity_no_ab,55,A3,,,,458.70 mHa
9053,6177,2029,339,47384,42,19,3,924,0.0737299919128418,N2_identity_default,11,A3,,,,31.87 mHa
9419,6992,2387,463,47622,42,19,3,924,0.09524083137512207,N2_identity_default,22,A3,,,,31.87 mHa
9353,6208,2021,499,47569,42,19,3,924,0.11889314651489258,N2_identity_default,33,A3,,,,31.87 mHa
9482,5859,1858,492,47575,42,19,3,924,0.09479403495788574,N2_identity_default,44,A3,,,,31.87 mHa
10154,6705,2241,720,47923,42,19,3,924,0.09257793426513672,N2_identity_default,55,A3,,,,31.87 mHa
8624,4300,1356,168,47698,42,19,3,924,0.07405734062194824,N2_identity_best_019,11,A3,,,,24.27 mHa
8561,7586,2231,147,47321,42,19,3,924,0.07159590721130371,N2_identity_best_019,22,A3,,,,24.27 mHa
8624,4277,1332,168,47702,42,19,3,924,0.07561397552490234,N2_identity_best_019,33,A3,,,,24.27 mHa
8624,4300,1356,168,47698,42,19,3,924,0.09971904754638672,N2_identity_best_019,44,A3,,,,24.27 mHa
8624,4283,1338,168,47701,42,19,3,924,0.07533383369445801,N2_identity_best_019,55,A3,,,,24.27 mHa
25414,14320,5021,1662,116393,72,23,3,1872,0.23391008377075195,Cr2_identity_default,11,A3,,,,240.79 mHa
24295,13164,4426,1367,115459,72,23,3,1872,0.24798202514648438,Cr2_identity_default,22,A3,,,,240.79 mHa
24349,13738,4679,1383,115502,72,23,3,1872,0.23082613945007324,Cr2_identity_default,33,A3,,,,240.79 mHa
22933,13104,4278,991,115378,72,23,3,1872,0.22145700454711914,Cr2_identity_default,44,A3,,,,240.79 mHa
26254,13756,4876,1992,116837,72,23,3,1872,0.25863003730773926,Cr2_identity_default,55,A3,,,,240.79 mHa
21480,8566,2582,288,115707,72,23,3,1872,0.17361211776733398,Cr2_identity_best_01_11,11,A3,,,,201.95 mHa
21480,8576,2594,288,115705,72,23,3,1872,0.20232295989990234,Cr2_identity_best_01_11,22,A3,,,,201.95 mHa
22344,8630,2816,576,115767,72,23,3,1872,0.1766490936279297,Cr2_identity_best_01_11,33,A3,,,,201.95 mHa
21480,8564,2582,288,115707,72,23,3,1872,0.17437100410461426,Cr2_identity_best_01_11,44,A3,,,,201.95 mHa
22344,8628,2824,576,115761,72,23,3,1872,0.20140910148620605,Cr2_identity_best_01_11,55,A3,,,,201.95 mHa
