triple,logical_two_q_gates,logical_depth,posthoc_two_q_gates,routing_added_gates
"(0, 1, 2)",10868.0,4932.0,12747.2,1879.2000000000007
"(0, 1, 3)",10868.0,4829.0,13293.2,2425.2000000000007
"(0, 1, 4)",10820.0,4910.0,12635.0,1815.0
"(0, 1, 5)",10820.0,4868.0,12406.4,1586.3999999999996
"(0, 1, 6)",10868.0,4911.0,13068.2,2200.2000000000007
"(0, 1, 7)",10868.0,4888.0,12466.4,1598.3999999999996
"(0, 1, 8)",10868.0,4976.0,12144.8,1276.7999999999993
"(0, 1, 9)",10868.0,4817.0,11789.6,921.6000000000004
"(0, 2, 3)",10868.0,4933.0,13257.8,2389.7999999999993
"(0, 2, 4)",10820.0,4978.0,13508.6,2688.6000000000004
"(0, 2, 5)",10820.0,4941.0,13008.2,2188.2000000000007
"(0, 2, 6)",10868.0,4973.0,13790.6,2922.6000000000004
"(0, 2, 7)",10868.0,4938.0,13274.0,2406.0
"(0, 2, 8)",10868.0,4983.0,12891.2,2023.2000000000007
"(0, 2, 9)",10868.0,4932.0,11948.0,1080.0
"(0, 3, 4)",10820.0,4901.0,12896.0,2076.0
"(0, 3, 5)",10820.0,4862.0,13173.8,2353.7999999999993
"(0, 3, 6)",10868.0,4907.0,13370.0,2502.0
"(0, 3, 7)",10868.0,4889.0,13259.0,2391.0
"(0, 3, 8)",10868.0,4979.0,12609.8,1741.7999999999993
"(0, 3, 9)",10868.0,4821.0,12453.2,1585.2000000000007
"(0, 4, 5)",10772.0,4901.0,12570.2,1798.2000000000007
"(0, 4, 6)",10820.0,4922.0,13193.0,2373.0
"(0, 4, 7)",10820.0,4949.0,13379.6,2559.6000000000004
"(0, 4, 8)",10820.0,5004.0,12813.8,1993.7999999999993
"(0, 4, 9)",10820.0,4901.0,11781.8,961.7999999999993
"(0, 5, 6)",10820.0,4907.0,12624.8,1804.7999999999993
"(0, 5, 7)",10820.0,4911.0,13194.2,2374.2000000000007
"(0, 5, 8)",10820.0,4982.0,12920.6,2100.6000000000004
"(0, 5, 9)",10820.0,4862.0,12099.2,1279.2000000000007
"(0, 6, 7)",10868.0,4940.0,13614.2,2746.2000000000007
"(0, 6, 8)",10868.0,4991.0,12489.8,1621.7999999999993
"(0, 6, 9)",10868.0,4904.0,12210.8,1342.7999999999993
"(0, 7, 8)",10868.0,4978.0,12518.0,1650.0
"(0, 7, 9)",10868.0,4888.0,12065.6,1197.6000000000004
"(0, 8, 9)",10868.0,4976.0,11626.4,758.3999999999996
"(1, 2, 3)",10868.0,4933.0,13299.8,2431.7999999999993
"(1, 2, 4)",10820.0,4978.0,14092.4,3272.3999999999996
"(1, 2, 5)",10820.0,4941.0,13695.8,2875.7999999999993
"(1, 2, 6)",10868.0,4973.0,14399.0,3531.0
"(1, 2, 7)",10868.0,4938.0,13898.0,3030.0
"(1, 2, 8)",10868.0,4983.0,13385.6,2517.6000000000004
"(1, 2, 9)",10868.0,4932.0,11909.0,1041.0
"(1, 3, 4)",10820.0,4910.0,13988.6,3168.6000000000004
"(1, 3, 5)",10820.0,4868.0,14256.8,3436.7999999999993
"(1, 3, 6)",10868.0,4913.0,14292.8,3424.7999999999993
"(1, 3, 7)",10868.0,4889.0,14055.2,3187.2000000000007
"(1, 3, 8)",10868.0,4979.0,13547.0,2679.0
"(1, 3, 9)",10868.0,4829.0,12797.6,1929.6000000000004
"(1, 4, 5)",10772.0,4910.0,14129.0,3357.0
"(1, 4, 6)",10820.0,4929.0,14093.0,3273.0
"(1, 4, 7)",10820.0,4949.0,13457.0,2637.0
"(1, 4, 8)",10820.0,5004.0,13664.6,2844.6000000000004
"(1, 4, 9)",10820.0,4910.0,12752.0,1932.0
"(1, 5, 6)",10820.0,4913.0,13823.6,3003.6000000000004
"(1, 5, 7)",10820.0,4911.0,13817.6,2997.6000000000004
"(1, 5, 8)",10820.0,4982.0,14002.4,3182.3999999999996
"(1, 5, 9)",10820.0,4868.0,12341.6,1521.6000000000004
"(1, 6, 7)",10868.0,4941.0,14580.2,3712.2000000000007
"(1, 6, 8)",10868.0,4991.0,13595.0,2727.0
"(1, 6, 9)",10868.0,4911.0,12944.6,2076.6000000000004
"(1, 7, 8)",10868.0,4978.0,13144.4,2276.3999999999996
"(1, 7, 9)",10868.0,4888.0,13283.6,2415.6000000000004
"(1, 8, 9)",10868.0,4976.0,12572.6,1704.6000000000004
"(2, 3, 4)",10820.0,4978.0,12905.6,2085.6000000000004
"(2, 3, 5)",10820.0,4941.0,13964.0,3144.0
"(2, 3, 6)",10868.0,4973.0,14296.4,3428.3999999999996
"(2, 3, 7)",10868.0,4939.0,14237.0,3369.0
"(2, 3, 8)",10868.0,4984.0,13722.2,2854.2000000000007
"(2, 3, 9)",10868.0,4933.0,13586.0,2718.0
"(2, 4, 5)",10772.0,4978.0,13926.8,3154.7999999999993
"(2, 4, 6)",10820.0,4987.0,14194.4,3374.3999999999996
"(2, 4, 7)",10820.0,4981.0,14225.6,3405.6000000000004
"(2, 4, 8)",10820.0,5008.0,14037.2,3217.2000000000007
"(2, 4, 9)",10820.0,4978.0,13168.4,2348.3999999999996
"(2, 5, 6)",10820.0,4973.0,13820.0,3000.0
"(2, 5, 7)",10820.0,4944.0,14304.2,3484.2000000000007
"(2, 5, 8)",10820.0,4988.0,14249.6,3429.6000000000004
"(2, 5, 9)",10820.0,4941.0,13790.0,2970.0
"(2, 6, 7)",10868.0,4976.0,13943.0,3075.0
"(2, 6, 8)",10868.0,4997.0,14168.0,3300.0
"(2, 6, 9)",10868.0,4973.0,13123.4,2255.3999999999996
"(2, 7, 8)",10868.0,4984.0,14001.8,3133.7999999999993
"(2, 7, 9)",10868.0,4938.0,13419.8,2551.7999999999993
"(2, 8, 9)",10868.0,4983.0,12713.6,1845.6000000000004
"(3, 4, 5)",10772.0,4901.0,13356.8,2584.7999999999993
"(3, 4, 6)",10820.0,4922.0,13286.6,2466.6000000000004
"(3, 4, 7)",10820.0,4949.0,13402.4,2582.3999999999996
"(3, 4, 8)",10820.0,5004.0,13343.6,2523.6000000000004
"(3, 4, 9)",10820.0,4901.0,12852.2,2032.2000000000007
"(3, 5, 6)",10820.0,4908.0,13888.4,3068.3999999999996
"(3, 5, 7)",10820.0,4911.0,13724.0,2904.0
"(3, 5, 8)",10820.0,4983.0,13509.2,2689.2000000000007
"(3, 5, 9)",10820.0,4862.0,13245.2,2425.2000000000007
"(3, 6, 7)",10868.0,4943.0,14141.6,3273.6000000000004
"(3, 6, 8)",10868.0,4992.0,14358.2,3490.2000000000007
"(3, 6, 9)",10868.0,4907.0,13542.8,2674.7999999999993
"(3, 7, 8)",10868.0,4980.0,13540.4,2672.3999999999996
"(3, 7, 9)",10868.0,4889.0,13749.2,2881.2000000000007
"(3, 8, 9)",10868.0,4979.0,12979.4,2111.3999999999996
"(4, 5, 6)",10772.0,4922.0,14052.8,3280.7999999999993
"(4, 5, 7)",10772.0,4949.0,13482.2,2710.2000000000007
"(4, 5, 8)",10772.0,5004.0,12690.8,1918.7999999999993
"(4, 5, 9)",10772.0,4901.0,12176.6,1404.6000000000004
"(4, 6, 7)",10820.0,4958.0,14205.8,3385.7999999999993
"(4, 6, 8)",10820.0,5004.0,13679.6,2859.6000000000004
"(4, 6, 9)",10820.0,4922.0,13110.2,2290.2000000000007
"(4, 7, 8)",10820.0,5004.0,13771.4,2951.3999999999996
"(4, 7, 9)",10820.0,4949.0,13206.2,2386.2000000000007
"(4, 8, 9)",10820.0,5004.0,13144.4,2324.3999999999996
"(5, 6, 7)",10820.0,4943.0,13370.6,2550.6000000000004
"(5, 6, 8)",10820.0,4991.0,13619.0,2799.0
"(5, 6, 9)",10820.0,4907.0,12866.0,2046.0
"(5, 7, 8)",10820.0,4982.0,13593.8,2773.7999999999993
"(5, 7, 9)",10820.0,4911.0,13085.0,2265.0
"(5, 8, 9)",10820.0,4982.0,12495.8,1675.7999999999993
"(6, 7, 8)",10868.0,4991.0,13177.4,2309.3999999999996
"(6, 7, 9)",10868.0,4940.0,13272.2,2404.2000000000007
"(6, 8, 9)",10868.0,4991.0,12574.4,1706.3999999999996
"(7, 8, 9)",10868.0,4978.0,12588.2,1720.2000000000007
